hostname,hd_name,default_flag,sy_snum,sy_pnum,discoverymethod,rv_flag,tran_flag,ast_flag,soltype,pl_controv_flag,pl_refname,pl_orbper,pl_orbpererr1,pl_orbpererr2,pl_orbperlim,pl_orbsmax,pl_orbsmaxerr1,pl_orbsmaxerr2,pl_orbsmaxlim,pl_rade,pl_radeerr1,pl_radeerr2,pl_radelim,pl_radj,pl_radjerr1,pl_radjerr2,pl_radjlim,pl_bmasse,pl_bmasseerr1,pl_bmasseerr2,pl_bmasselim,pl_bmassj,pl_bmassjerr1,pl_bmassjerr2,pl_bmassjlim,pl_bmassprov,pl_orbeccen,pl_orbeccenerr1,pl_orbeccenerr2,pl_orbeccenlim,pl_insol,pl_insolerr1,pl_insolerr2,pl_insollim,pl_eqt,pl_eqterr1,pl_eqterr2,pl_eqtlim,ttv_flag,st_spectype,st_teff,st_tefferr1,st_tefferr2,st_tefflim,st_age,st_ageerr1,st_ageerr2,st_agelim,sy_refname,rastr,ra,decstr,dec,sy_dist,sy_disterr1,sy_disterr2,sy_kmag,sy_kmagerr1,sy_kmagerr2,rowupdate,pl_pubdate,releasedate
eps Eri,HD 22049,1,1,1,Radial Velocity,1,0,0,Published Confirmed,0,<a refstr=LLOP_SAYSON_ET_AL__2021 href=https://ui.adsabs.harvard.edu/abs/2021AJ....162..181L/abstract target=ref>Llop-Sayson et al. 2021</a>,2671,17,-23,0,3.53,0.03,-0.04,0,,,,,,,,,209.76675,38.13941,-28.60456,0,0.66,0.12,-0.09,0,Mass,0.07,0.07,-0.05,0,,,,,,,,,0,K2 V,,,,,0.6,0.2,-0.2,0,<a refstr=STASSUN_ET_AL__2019 href=https://ui.adsabs.harvard.edu/abs/2019AJ....158..138S/abstract target=ref>TICv8</a>,03h32m54.82s,53.2284306,-09d27m29.42s,-9.4581715,3.2026,0.00483,-0.00483,1.776,0.286,-0.286,2022-07-18,2021-11,2022-07-18
GJ 674,,1,1,1,Radial Velocity,1,0,0,Published Confirmed,0,<a refstr=BONFILS_ET_AL__2007 href=https://ui.adsabs.harvard.edu/abs/2007A&A...474..293B/abstract target=ref> Bonfils et al. 2007 </a>,4.6938,0.007,-0.007,0,0.039,,,0,,,,,,,,,11.09,,,0,0.035,,,0,Msini,0.2,0.02,-0.02,0,,,,,,,,,0,M2.5,3600,100,-100,0,0.55,0.45,-0.45,0,<a refstr=STASSUN_ET_AL__2019 href=https://ui.adsabs.harvard.edu/abs/2019AJ....158..138S/abstract target=ref>TICv8</a>,17h28m40.81s,262.1700476,-46d53m56.34s,-46.8989826,4.54896,0.001015,-0.001015,4.855,0.018,-0.018,2014-05-14,2007-10,2014-05-14
GJ 514,,1,1,1,Radial Velocity,1,0,0,Published Confirmed,0,<a refstr=DAMASSO_ET_AL__2022 href=https://ui.adsabs.harvard.edu/abs/2022arXiv220406376D/abstract target=ref>Damasso et al. 2022</a>,140.43,0.41,-0.41,0,0.422,0.014,-0.015,0,,,,,,,,,5.2,0.9,-0.9,0,0.01636,0.00283,-0.00283,0,Msini,0.45,0.15,-0.14,0,0.28,0.07,-0.06,0,202,11,-11,0,0,M0.5-1.0 V,3728,68,-68,0,0.8,,,-1,<a refstr=STASSUN_ET_AL__2019 href=https://ui.adsabs.harvard.edu/abs/2019AJ....158..138S/abstract target=ref>TICv8</a>,13h30m00.97s,202.5040424,+10d22m21.14s,10.3725387,7.61778,0.003175,-0.003175,5.036,0.027,-0.027,2022-04-19,2022-04,2022-04-19
AU Mic,HD 197481,0,1,2,Transit,1,1,0,Published Confirmed,0,<a refstr=MARTIOLI_ET_AL__2021 href=https://ui.adsabs.harvard.edu/abs/2021A&A...649A.177M/abstract target=ref>Martioli et al. 2021</a>,8.463,0.000002,-0.000002,0,0.0645,0.0013,-0.0013,0,4.07,0.17,-0.17,0,0.363,0.015,-0.015,0,17,5,-5,0,0.05349,0.01573,-0.01573,0,Mass,0,,,0,,,,,593,21,-21,0,1,,3700,100,-100,0,0.022,0.003,-0.003,0,<a refstr=STASSUN_ET_AL__2019 href=https://ui.adsabs.harvard.edu/abs/2019AJ....158..138S/abstract target=ref>TICv8</a>,20h45m09.87s,311.2911369,-31d20m32.82s,-31.34245,9.7221,0.004625,-0.004625,4.529,0.02,-0.02,2021-08-09,2021-05,2021-08-09
AU Mic,HD 197481,0,1,2,Transit,1,1,0,Published Confirmed,0,<a refstr=MARTIOLI_ET_AL__2021 href=https://ui.adsabs.harvard.edu/abs/2021A&A...649A.177M/abstract target=ref>Martioli et al. 2021</a>,18.859019,0.000016,-0.000016,0,0.1101,0.0022,-0.0022,0,3.24,0.16,-0.16,0,0.289,0.014,-0.014,0,13.6,11.4,-11.4,0,0.04279,0.03587,-0.03587,0,Mass,0,,,0,,,,,454,16,-16,0,0,,3700,100,-100,0,0.022,0.003,-0.003,0,<a refstr=STASSUN_ET_AL__2019 href=https://ui.adsabs.harvard.edu/abs/2019AJ....158..138S/abstract target=ref>TICv8</a>,20h45m09.87s,311.2911369,-31d20m32.82s,-31.34245,9.7221,0.004625,-0.004625,4.529,0.02,-0.02,2021-08-10,2021-05,2021-08-10
L 98-59,,1,1,4,Transit,1,1,0,Published Confirmed,0,<a refstr=DEMANGEON_ET_AL__2021 href=https://ui.adsabs.harvard.edu/abs/2021A&A...653A..41D/abstract target=ref>Demangeon et al. 2021</a>,2.2531136,0.0000012,-0.0000015,0,0.02191,0.0008,-0.00084,0,0.85,0.061,-0.047,0,0.076,0.005,-0.004,0,0.4,0.16,-0.15,0,0.00126,0.0005,-0.00047,0,Mass,0.103,0.117,-0.045,0,24.7,5,-4.1,0,627,33,-36,0,0,M3 V,3415,135,-135,0,0.8,,,-1,<a refstr=STASSUN_ET_AL__2019 href=https://ui.adsabs.harvard.edu/abs/2019AJ....158..138S/abstract target=ref>TICv8</a>,08h18m07.89s,124.5328604,-68d18m52.08s,-68.3144658,10.6194,0.0032,-0.0032,7.101,0.018,-0.018,2021-08-23,2021-09,2021-08-23
L 98-59,,1,1,4,Transit,1,1,0,Published Confirmed,0,<a refstr=DEMANGEON_ET_AL__2021 href=https://ui.adsabs.harvard.edu/abs/2021A&A...653A..41D/abstract target=ref>Demangeon et al. 2021</a>,3.6906777,0.0000016,-0.0000026,0,0.0304,0.0011,-0.0012,0,1.385,0.095,-0.075,0,0.124,0.008,-0.007,0,2.22,0.26,-0.25,0,0.00698,0.00082,-0.00079,0,Mass,0.103,0.045,-0.058,0,12.8,2.6,-2.1,0,553,27,-26,0,0,M3 V,3415,135,-135,0,0.8,,,-1,<a refstr=STASSUN_ET_AL__2019 href=https://ui.adsabs.harvard.edu/abs/2019AJ....158..138S/abstract target=ref>TICv8</a>,08h18m07.89s,124.5328604,-68d18m52.08s,-68.3144658,10.6194,0.0032,-0.0032,7.101,0.018,-0.018,2021-08-23,2021-09,2021-08-23
L 98-59,,1,1,4,Transit,1,1,0,Published Confirmed,0,<a refstr=DEMANGEON_ET_AL__2021 href=https://ui.adsabs.harvard.edu/abs/2021A&A...653A..41D/abstract target=ref>Demangeon et al. 2021</a>,7.4507245,0.0000081,-0.0000046,0,0.0486,0.0018,-0.0019,0,1.521,0.119,-0.098,0,0.136,0.011,-0.009,0,1.94,0.28,-0.28,0,0.0061,0.00088,-0.00088,0,Mass,0.074,0.057,-0.046,0,5.01,1.02,-0.83,0,416,20,-20,0,0,M3 V,3415,135,-135,0,0.8,,,-1,<a refstr=STASSUN_ET_AL__2019 href=https://ui.adsabs.harvard.edu/abs/2019AJ....158..138S/abstract target=ref>TICv8</a>,08h18m07.89s,124.5328604,-68d18m52.08s,-68.3144658,10.6194,0.0032,-0.0032,7.101,0.018,-0.018,2021-08-23,2021-09,2021-08-23
L 98-59,,1,1,4,Radial Velocity,1,0,0,Published Confirmed,0,<a refstr=DEMANGEON_ET_AL__2021 href=https://ui.adsabs.harvard.edu/abs/2021A&A...653A..41D/abstract target=ref>Demangeon et al. 2021</a>,12.796,0.02,-0.019,0,0.0717,0.006,-0.0048,0,,,,,,,,,3.06,0.33,-0.37,0,0.00963,0.00104,-0.00116,0,Msini,0.128,0.108,-0.076,0,,,,,342,20,-18,0,0,M3 V,3415,135,-135,0,0.8,,,-1,<a refstr=STASSUN_ET_AL__2019 href=https://ui.adsabs.harvard.edu/abs/2019AJ....158..138S/abstract target=ref>TICv8</a>,08h18m07.89s,124.5328604,-68d18m52.08s,-68.3144658,10.6194,0.0032,-0.0032,7.101,0.018,-0.018,2021-08-25,2021-09,2021-08-25
HD 147513,HD 147513,1,2,1,Radial Velocity,1,0,0,Published Confirmed,0,<a refstr=MAYOR_ET_AL__2004 href=https://ui.adsabs.harvard.edu/abs/2004A&A...415..391M/abstract target=ref> Mayor et al. 2004 </a>,528.4,6.3,-6.3,0,1.32,,,0,,,,,,,,,385,,,0,1.21,,,0,Msini,0.26,0.05,-0.05,0,,,,,,,,,0,,5883,,,0,0.3,,,0,<a refstr=STASSUN_ET_AL__2019 href=https://ui.adsabs.harvard.edu/abs/2019AJ....158..138S/abstract target=ref>TICv8</a>,16h24m01.39s,246.0057894,-39d11m34.68s,-39.1929661,12.9032,0.0234,-0.0233,3.933,0.036,-0.036,2019-01-28,2004-02,2019-01-31
HD 128311,HD 128311,0,1,2,Radial Velocity,1,0,0,Published Confirmed,0,<a refstr=VOGT_ET_AL__2005 href=https://ui.adsabs.harvard.edu/abs/2005ApJ...632..638V/abstract target=ref> Vogt et al. 2005 </a>,458.6,6.8,-6.8,0,1.099,0.04,-0.04,0,,,,,,,,,692.84,69.92,-69.92,0,2.18,0.22,-0.22,0,Msini,0.25,0.1,-0.1,0,,,,,,,,,0,K0 V,,,,,0.75,,,0,<a refstr=STASSUN_ET_AL__2019 href=https://ui.adsabs.harvard.edu/abs/2019AJ....158..138S/abstract target=ref>TICv8</a>,14h36m00.78s,219.0032292,+09d44m43.57s,9.7454368,16.3292,0.0199,-0.0198,5.142,0.017,-0.017,2014-12-17,2005-10,2014-12-17
HD 128311,HD 128311,1,1,2,Radial Velocity,1,0,0,Published Confirmed,0,<a refstr=MCARTHUR_ET_AL__2014 href=https://ui.adsabs.harvard.edu/abs/2014ApJ...795...41M/abstract target=ref>McArthur et al. 2014</a>,453.019,0.404,-0.404,0,1.084,0.006,-0.006,0,,,,,,,,,562.24127,7.31009,-7.31009,0,1.769,0.023,-0.023,0,Msini,0.303,0.011,-0.011,0,,,,,,,,,0,,,,,,0.96,,,1,<a refstr=STASSUN_ET_AL__2019 href=https://ui.adsabs.harvard.edu/abs/2019AJ....158..138S/abstract target=ref>TICv8</a>,14h36m00.78s,219.0032292,+09d44m43.57s,9.7454368,16.3292,0.0199,-0.0198,5.142,0.017,-0.017,2015-06-24,2014-11,2015-06-25
HD 128311,HD 128311,1,1,2,Radial Velocity,1,0,1,Published Confirmed,0,<a refstr=MCARTHUR_ET_AL__2014 href=https://ui.adsabs.harvard.edu/abs/2014ApJ...795...41M/abstract target=ref>McArthur et al. 2014</a>,921.538,1.15,-1.15,0,1.74,0.01,-0.01,0,,,,,,,,,1204.25787,293.67492,-137.30256,0,3.789,0.924,-0.432,0,Mass,0.159,0.006,-0.006,0,,,,,,,,,0,,,,,,0.96,,,1,<a refstr=STASSUN_ET_AL__2019 href=https://ui.adsabs.harvard.edu/abs/2019AJ....158..138S/abstract target=ref>TICv8</a>,14h36m00.78s,219.0032292,+09d44m43.57s,9.7454368,16.3292,0.0199,-0.0198,5.142,0.017,-0.017,2015-06-24,2014-11,2015-06-25
HD 128311,HD 128311,0,1,2,Radial Velocity,1,0,1,Published Confirmed,0,<a refstr=VOGT_ET_AL__2005 href=https://ui.adsabs.harvard.edu/abs/2005ApJ...632..638V/abstract target=ref> Vogt et al. 2005 </a>,928.3,18,-18,0,1.76,0.13,-0.13,0,,,,,,,,,1020.19,95.34,-95.34,0,3.21,0.3,-0.3,0,Msini,0.17,0.09,-0.09,0,,,,,,,,,0,K0 V,,,,,0.75,,,0,<a refstr=STASSUN_ET_AL__2019 href=https://ui.adsabs.harvard.edu/abs/2019AJ....158..138S/abstract target=ref>TICv8</a>,14h36m00.78s,219.0032292,+09d44m43.57s,9.7454368,16.3292,0.0199,-0.0198,5.142,0.017,-0.017,2014-12-17,2005-10,2014-12-17
GJ 504,HD 115383,1,1,1,Imaging,0,0,0,Published Confirmed,0,<a refstr=KUZUHARA_ET_AL__2013 href=https://ui.adsabs.harvard.edu/abs/2013ApJ...774...11K/abstract target=ref> Kuzuhara et al. 2013 </a>,,,,,43.5,,,0,,,,,,,,,1271.3,1430.2,-317.8,0,4,4.5,-1,0,Mass,,,,,,,,,510,30,-20,0,0,G0 V,6234,25,-25,0,0.16,0.35,-0.06,0,<a refstr=STASSUN_ET_AL__2019 href=https://ui.adsabs.harvard.edu/abs/2019AJ....158..138S/abstract target=ref>TICv8</a>,13h16m46.16s,199.192348,+09d25m29.92s,9.4249781,17.5299,0.0785,-0.0778,4.033,0.238,-0.238,2014-05-14,2013-09,2014-05-14
HN Peg,HD 206860,1,1,1,Imaging,0,0,0,Published Confirmed,0,<a refstr=LUHMAN_ET_AL__2007 href=https://ui.adsabs.harvard.edu/abs/2007ApJ...654..570L/abstract target=ref> Luhman et al. 2007 </a>,,,,,773,13,-13,0,11.777,1.527,-0.654,0,1.051,0.136,-0.058,0,6991.57,2996.39,-2996.39,0,21.9987,9.42803,-9.42803,0,Mass,,,,,,,,,,,,,0,G0 V,,,,,0.3,0.2,-0.2,0,<a refstr=STASSUN_ET_AL__2019 href=https://ui.adsabs.harvard.edu/abs/2019AJ....158..138S/abstract target=ref>TICv8</a>,21h44m31.58s,326.1315705,+14d46m17.23s,14.7714524,18.1186,0.0201,-0.0201,4.559,0.038,-0.038,2014-05-14,2007-01,2014-05-14
bet Pic,HD 39060,0,1,2,Imaging,0,0,1,Published Confirmed,0,<a refstr=LAGRANGE_ET_AL__2019 href=https://ui.adsabs.harvard.edu/abs/2019NatAs...3.1135L/abstract target=ref>Lagrange et al. 2019</a>,7800,,,0,9,0.4,-0.4,0,,,,,,,,,3146.517,,,0,9.9,,,0,Mass,0.055,,,1,,,,,,,,,0,,,,,,0.023,,,0,<a refstr=STASSUN_ET_AL__2019 href=https://ui.adsabs.harvard.edu/abs/2019AJ....158..138S/abstract target=ref>TICv8</a>,05h47m17.10s,86.8212337,-51d03m58.13s,-51.066148,19.7442,0.132,-0.1303,3.526,0.222,-0.222,2019-08-27,2019-08,2019-08-29
bet Pic,HD 39060,0,1,2,Radial Velocity,1,0,0,Published Confirmed,0,<a refstr=LAGRANGE_ET_AL__2019 href=https://ui.adsabs.harvard.edu/abs/2019NatAs...3.1135L/abstract target=ref>Lagrange et al. 2019</a>,1200,,,0,2.7,,,0,,,,,,,,,2860.47,,,0,9,,,0,Mass,0.24,,,0,,,,,,,,,0,,,,,,0.023,,,0,<a refstr=STASSUN_ET_AL__2019 href=https://ui.adsabs.harvard.edu/abs/2019AJ....158..138S/abstract target=ref>TICv8</a>,05h47m17.10s,86.8212337,-51d03m58.13s,-51.066148,19.7442,0.132,-0.1303,3.526,0.222,-0.222,2019-08-23,2019-08,2019-08-29
HD 70642,HD 70642,1,1,1,Radial Velocity,1,0,0,Published Confirmed,0,<a refstr=BARBATO_ET_AL__2018 href=https://ui.adsabs.harvard.edu/abs/2018A&A...615A.175B/abstract target=ref>Barbato et al. 2018</a>,2124.54,14.65,-13.51,0,3.318,0.022,-0.021,0,,,,,,,,,633.43519,5.72094,-5.72094,0,1.993,0.018,-0.018,0,Msini,0.175,0.044,-0.044,0,,,,,,,,,0,,5732,23,-23,0,0.919,0.733,-0.733,0,<a refstr=STASSUN_ET_AL__2019 href=https://ui.adsabs.harvard.edu/abs/2019AJ....158..138S/abstract target=ref>TICv8</a>,08h21m27.87s,125.3661079,-39d42m16.00s,-39.7044432,29.276,0.0276,-0.0275,5.574,0.02,-0.02,2019-06-24,2018-08,2019-06-27
51 Eri,HD 29391,1,3,1,Imaging,0,0,1,Published Confirmed,0,<a refstr=MACINTOSH_ET_AL__2015 href=https://ui.adsabs.harvard.edu/abs/2015Sci...350...64M/abstract target=ref>Macintosh et al. 2015</a>,,,,,13.2,0.2,-0.2,0,,,,,,,,,635.66,,,0,2,,,0,Mass,,,,,,,,,700,,,0,0,F0 IV,,,,,0.02,0.006,-0.006,0,<a refstr=STASSUN_ET_AL__2019 href=https://ui.adsabs.harvard.edu/abs/2019AJ....158..138S/abstract target=ref>TICv8</a>,04h37m36.18s,69.4007424,-02d28m25.77s,-2.4738245,29.7575,0.1213,-0.1203,4.537,0.024,-0.024,2019-07-08,2015-00,2015-08-14
HD 73583,HD 73583,1,1,2,Transit,1,1,0,Published Confirmed,0,<a refstr=BARRAG_AACUTE_N_ET_AL__2021 href=https://ui.adsabs.harvard.edu/abs/2021arXiv211013069B/abstract target=ref>Barrag&aacute;n et al. 2021</a>,6.398042,0.0000067,-0.0000062,0,0.0604,0.0027,-0.0026,0,2.79,0.1,-0.1,0,0.249,0.009,-0.009,0,10.2,3.4,-3.1,0,0.03209,0.0107,-0.00975,0,Mass,0.09,0.09,-0.06,0,43.3,5.3,-4.7,0,714,21,-20,0,0,K4 V,4511,110,-110,0,0.48,0.19,-0.19,0,<a refstr=STASSUN_ET_AL__2019 href=https://ui.adsabs.harvard.edu/abs/2019AJ....158..138S/abstract target=ref>TICv8</a>,08h38m45.19s,129.6883026,-13d15m23.50s,-13.2565267,31.5666,0.0321,-0.032,6.948,0.024,-0.024,2022-03-16,2021-10,2022-03-16
HD 73583,HD 73583,1,1,2,Transit,1,1,0,Published Confirmed,0,<a refstr=BARRAG_AACUTE_N_ET_AL__2021 href=https://ui.adsabs.harvard.edu/abs/2021arXiv211013069B/abstract target=ref>Barrag&aacute;n et al. 2021</a>,18.87974,0.00086,-0.00074,0,0.1242,0.0055,-0.0054,0,2.39,0.1,-0.09,0,0.213,0.009,-0.008,0,9.7,1.8,-1.7,0,0.03052,0.00566,-0.00535,0,Mass,0.08,0.11,-0.06,0,10.2,1.2,-1.1,0,498,15,-15,0,0,K4 V,4511,110,-110,0,0.48,0.19,-0.19,0,<a refstr=STASSUN_ET_AL__2019 href=https://ui.adsabs.harvard.edu/abs/2019AJ....158..138S/abstract target=ref>TICv8</a>,08h38m45.19s,129.6883026,-13d15m23.50s,-13.2565267,31.5666,0.0321,-0.032,6.948,0.024,-0.024,2022-03-16,2021-10,2022-03-16
HD 130322,HD 130322,0,1,1,Radial Velocity,1,0,0,Published Confirmed,0,<a refstr=UDRY_ET_AL__2000 href=https://ui.adsabs.harvard.edu/abs/2000A&A...356..590U/abstract target=ref> Udry et al. 2000 </a>,10.72,0.007,-0.007,0,0.088,,,0,,,,,,,,,324.1866,,,0,1.02,,,0,Msini,0.044,0.018,-0.018,0,,,,,720,,,0,0,,5330,,,0,0.35,,,0,<a refstr=STASSUN_ET_AL__2019 href=https://ui.adsabs.harvard.edu/abs/2019AJ....158..138S/abstract target=ref>TICv8</a>,14h47m32.59s,221.8857975,-00d16m55.48s,-0.2820782,31.8766,0.0729,-0.0727,6.234,0.023,-0.023,2015-04-30,2000-04,2015-04-30
2MASS J01225093-2439505,,1,1,1,Imaging,0,0,0,Published Confirmed,0,<a refstr=BOWLER_ET_AL__2013 href=https://ui.adsabs.harvard.edu/abs/2013ApJ...774...55B/abstract target=ref> Bowler et al. 2013 </a>,,,,,52,6,-6,0,,,,,,,,,7786.5,794.5,-794.5,0,24.5,2.5,-2.5,0,Mass,,,,,,,,,,,,,0,M3.5 V,3530,50,-50,0,0.12,0.01,-0.01,0,<a refstr=STASSUN_ET_AL__2019 href=https://ui.adsabs.harvard.edu/abs/2019AJ....158..138S/abstract target=ref>TICv8</a>,01h22m51.07s,20.7128012,-24d39m52.61s,-24.6646128,33.8281,0.0864,-0.086,9.198,0.026,-0.026,2014-05-14,2013-09,2014-05-14
HR 2562,HD 50571,1,1,1,Imaging,0,0,0,Published Confirmed,0,<a refstr=KONOPACKY_ET_AL__2016 href=https://ui.adsabs.harvard.edu/abs/2016ApJ...829L...4K/abstract target=ref>Konopacky et al. 2016</a>,,,,,20.3,0.3,-0.3,0,12.442,1.233,-1.233,0,1.11,0.11,-0.11,0,9534.9,4767.45,-4767.45,0,30,15,-15,0,Mass,,,,,,,,,1200,100,-100,0,0,F5 V,,,,,0.6,0.3,-0.3,0,<a refstr=STASSUN_ET_AL__2019 href=https://ui.adsabs.harvard.edu/abs/2019AJ....158..138S/abstract target=ref>TICv8</a>,06h50m01.03s,102.5042716,-60d14m55.24s,-60.2486775,34.0071,0.048,-0.0478,5.02,0.016,-0.016,2016-09-06,2016-09,2016-09-08
HD 81040,HD 81040,0,1,1,Radial Velocity,1,0,0,Published Confirmed,0,<a refstr=SOZZETTI_ET_AL__2006 href=https://ui.adsabs.harvard.edu/abs/2006A&A...449..417S/abstract target=ref> Sozzetti et al. 2006 </a>,1001.7,7,-7,0,1.94,,,0,,,,,,,,,2180.3138,225.6593,-225.6593,0,6.86,0.71,-0.71,0,Msini,0.526,0.042,-0.042,0,,,,,,,,,0,G2/G3,5700,50,-50,0,0.73,0.1,-0.1,0,<a refstr=STASSUN_ET_AL__2019 href=https://ui.adsabs.harvard.edu/abs/2019AJ....158..138S/abstract target=ref>TICv8</a>,09h23m46.92s,140.9455027,+20d21m52.59s,20.3646078,34.4341,0.0777,-0.0773,6.159,0.021,-0.021,2018-04-25,2006-04,2015-04-16
HD 113337,HD 113337,0,1,2,Radial Velocity,1,0,0,Published Confirmed,0,<a refstr=BORGNIET_ET_AL__2014 href=https://ui.adsabs.harvard.edu/abs/2014A%26A...561A..65B/abstract target=ref> Borgniet et al. 2014 </a>,324,1.7,-3.3,0,0.92,0.09,-0.09,0,,,,,,,,,899.42,76.28,-76.28,0,2.83,0.24,-0.24,0,Msini,0.46,0.04,-0.04,0,,,,,,,,,0,F6 V,6576.6,153.2,-149.7,0,0.15,0.1,-0.05,0,<a refstr=STASSUN_ET_AL__2019 href=https://ui.adsabs.harvard.edu/abs/2019AJ....158..138S/abstract target=ref>TICv8</a>,13h01m46.52s,195.4438496,+63d36m37.18s,63.610328,36.18,0.0565,-0.0563,5.005,0.017,-0.017,2014-05-14,2014-01,2014-05-14
HD 18599,HD 18599,1,2,1,Transit,1,1,0,Published Confirmed,0,<a refstr=DESIDERA_ET_AL__2022 href=https://ui.adsabs.harvard.edu/abs/2022arXiv221007933D/abstract target=ref>Desidera et al. 2022</a>,4.1374354,0.0000036,-0.0000037,0,0.048,0.0004,-0.0004,0,2.6,0.15,-0.13,0,0.232,0.013,-0.012,0,24.1,7.1,-7.7,0,0.07583,0.02234,-0.02423,0,Mass,0.34,0.07,-0.09,0,,,,,,,,,0,K2 V,5145,50,-50,0,0.4,0.1,-0.1,0,<a refstr=STASSUN_ET_AL__2019 href=https://ui.adsabs.harvard.edu/abs/2019AJ....158..138S/abstract target=ref>TICv8</a>,02h57m02.88s,44.2620144,-56d11m30.73s,-56.1918694,38.5653,0.0366,-0.0366,6.883,0.02,-0.02,2022-11-07,2022-10,2022-11-07
HD 18599,HD 18599,0,2,1,Transit,1,1,0,Published Confirmed,0,<a refstr=VINES_ET_AL__2022 href=https://ui.adsabs.harvard.edu/abs/2022MNRAS.tmp.2722V/abstract target=ref>Vines et al. 2022</a>,4.137437,0.000004,-0.000004,0,0.05,0.02,-0.02,0,2.7,0.05,-0.05,0,0.241,0.004,-0.004,0,25.5,4.6,-4.6,0,0.08023,0.01447,-0.01447,0,Mass,0.2,0.1,-0.2,0,145,16,-12,0,863,21,-18,0,0,,5083,23,-23,0,0.3,,,0,<a refstr=STASSUN_ET_AL__2019 href=https://ui.adsabs.harvard.edu/abs/2019AJ....158..138S/abstract target=ref>TICv8</a>,02h57m02.88s,44.2620144,-56d11m30.73s,-56.1918694,38.5653,0.0366,-0.0366,6.883,0.02,-0.02,2022-11-07,2022-10,2022-11-07
HD 203030,HD 203030,0,1,1,Imaging,0,0,0,Published Confirmed,0,<a refstr=METCHEV___HILLENBRAND_2006 href=https://ui.adsabs.harvard.edu/abs/2006ApJ...651.1166M/abstract target=ref> Metchev & Hillenbrand 2006 </a>,,,,,487.1,1.8,-1.8,0,,,,,,,,,7656.097,2662.991,-3661.612,0,24.09,8.379,-11.521,0,Mass,,,,,,,,,1206,74,-116,0,0,G8 V,,,,,0.22,0.14,-0.09,0,<a refstr=STASSUN_ET_AL__2019 href=https://ui.adsabs.harvard.edu/abs/2019AJ....158..138S/abstract target=ref>TICv8</a>,21h18m58.37s,319.7432238,+26d13m50.10s,26.2305846,39.2503,0.0949,-0.0944,6.653,0.023,-0.023,2014-05-14,2006-11,2014-05-14
HD 206893,HD 206893,1,1,1,Imaging,0,0,0,Published Confirmed,0,<a refstr=WARD_DUONG_ET_AL__2021 href=https://ui.adsabs.harvard.edu/abs/2021AJ....161....5W/abstract target=ref>Ward-Duong et al. 2021</a>,10600,3000,-2400,0,10.4,1.8,-1.7,0,,,,,,,,,8263.53858,4449.5977,-4449.5977,0,26,14,-14,0,Mass,0.23,0.13,-0.16,0,,,,,1500,300,-300,0,0,F5 V,6500,100,-100,0,0.25,0.25,-0.2,0,<a refstr=STASSUN_ET_AL__2019 href=https://ui.adsabs.harvard.edu/abs/2019AJ....158..138S/abstract target=ref>TICv8</a>,21h45m22.00s,326.3416874,-12d47m00.07s,-12.7833522,40.7583,0.1072,-0.1066,5.593,0.021,-0.021,2022-10-31,2021-01,2022-10-31
HR 8799,HD 218396,1,1,4,Imaging,0,0,1,Published Confirmed,0,<a refstr=MAROIS_ET_AL__2008 href=https://ui.adsabs.harvard.edu/abs/2008Sci...322.1348M/abstract target=ref> Marois et al. 2008 </a>,170000,,,0,68,,,0,13,1,-1,0,1.2,0.1,-0.1,0,2000,1000,-600,0,7,4,-2,0,Mass,,,,,,,,,,,,,0,A5 V,,,,,0.06,0.1,-0.03,0,<a refstr=STASSUN_ET_AL__2019 href=https://ui.adsabs.harvard.edu/abs/2019AJ....158..138S/abstract target=ref>TICv8</a>,23h07m28.84s,346.8701486,+21d08m02.54s,21.1340376,41.2441,0.1515,-0.1505,5.24,0.018,-0.018,2014-05-14,2008-11,2014-05-14
HR 8799,HD 218396,1,1,4,Imaging,0,0,1,Published Confirmed,0,<a refstr=MAROIS_ET_AL__2008 href=https://ui.adsabs.harvard.edu/abs/2008Sci...322.1348M/abstract target=ref> Marois et al. 2008 </a>,69000,,,0,38,,,0,13,1,0,0,1.2,0.1,0,0,3000,1000,-1000,0,10,3,-3,0,Mass,,,,,,,,,,,,,0,A5 V,,,,,0.06,0.1,-0.03,0,<a refstr=STASSUN_ET_AL__2019 href=https://ui.adsabs.harvard.edu/abs/2019AJ....158..138S/abstract target=ref>TICv8</a>,23h07m28.84s,346.8701486,+21d08m02.54s,21.1340376,41.2441,0.1515,-0.1505,5.24,0.018,-0.018,2014-05-14,2008-11,2014-05-14
HR 8799,HD 218396,1,1,4,Imaging,0,0,1,Published Confirmed,0,<a refstr=MAROIS_ET_AL__2008 href=https://ui.adsabs.harvard.edu/abs/2008Sci...322.1348M/abstract target=ref> Marois et al. 2008 </a>,37000,,,0,24,,,0,13,1,0,0,1.2,0.1,0,0,3000,1000,-1000,0,10,3,-3,0,Mass,,,,,,,,,,,,,0,A5 V,,,,,0.06,0.1,-0.03,0,<a refstr=STASSUN_ET_AL__2019 href=https://ui.adsabs.harvard.edu/abs/2019AJ....158..138S/abstract target=ref>TICv8</a>,23h07m28.84s,346.8701486,+21d08m02.54s,21.1340376,41.2441,0.1515,-0.1505,5.24,0.018,-0.018,2014-05-14,2008-11,2014-05-14
HR 8799,HD 218396,1,1,4,Imaging,0,0,1,Published Confirmed,0,<a refstr=GRAVITY_COLLABORATION_ET_AL__2019 href=https://ui.adsabs.harvard.edu/abs/2019A&A...623L..11G/abstract target=ref>Gravity Collaboration et al. 2019</a>,,,,,16.4,2.1,-1.1,0,13.115,1.457,-1.233,0,1.17,0.13,-0.11,0,3178.3,2224.81,-1271.32,0,10,7,-4,0,Mass,0.15,0.08,-0.08,0,,,,,1150,50,-50,0,0,A5,7400,,,0,0.03,,,0,<a refstr=STASSUN_ET_AL__2019 href=https://ui.adsabs.harvard.edu/abs/2019AJ....158..138S/abstract target=ref>TICv8</a>,23h07m28.84s,346.8701486,+21d08m02.54s,21.1340376,41.2441,0.1515,-0.1505,5.24,0.018,-0.018,2019-06-24,2019-03,2019-06-27
TOI-1807,,0,1,1,Transit,1,1,0,Published Confirmed,0,<a refstr=NARDIELLO_ET_AL__2022 href=https://ui.adsabs.harvard.edu/abs/2022arXiv220603496N/abstract target=ref>Nardiello et al. 2022</a>,0.549374,0.00001,-0.000013,0,0.012,0.0003,-0.0003,0,1.37,0.09,-0.09,0,0.122,0.008,-0.008,0,2.57,0.5,-0.5,0,0.00809,0.00157,-0.00157,0,Mass,0,,,0,,,,,,,,,0,,4730,75,-75,0,0.3,0.08,-0.08,0,<a refstr=STASSUN_ET_AL__2019 href=https://ui.adsabs.harvard.edu/abs/2019AJ....158..138S/abstract target=ref>TICv8</a>,13h25m07.83s,201.2826259,+38d55m20.52s,38.9223671,42.5775,0.0622,-0.062,7.568,9.995,-9.995,2022-06-27,2022-06,2022-06-27
HIP 21152,HD 28736,1,1,1,Imaging,0,0,0,Published Confirmed,0,<a refstr=KUZUHARA_ET_AL__2022 href=https://ui.adsabs.harvard.edu/abs/2022arXiv220502729K/abstract target=ref>Kuzuhara et al. 2022</a>,23000,16000,-7000,0,17.5,7.2,-3.8,0,,,,,,,,,8835.62971,2669.75862,-1716.2734,0,27.8,8.4,-5.4,0,Mass,0.52,0.35,-0.35,0,,,,,1250,50,-50,0,0,F5 V,,,,,0.75,0.1,-0.1,0,<a refstr=STASSUN_ET_AL__2019 href=https://ui.adsabs.harvard.edu/abs/2019AJ....158..138S/abstract target=ref>TICv8</a>,04h32m04.93s,68.0205209,+05d24m36.27s,5.4100745,43.4073,0.1311,-0.1303,5.333,0.021,-0.021,2022-07-12,2022-05,2022-07-12
30 Ari B,HD 16232,0,4,1,Radial Velocity,1,0,0,Published Confirmed,0,<a refstr=GUENTHER_ET_AL__2009 href=https://ui.adsabs.harvard.edu/abs/2009A&A...507.1659G/abstract target=ref> Guenther et al. 2009 </a>,335.1,2.5,-2.5,0,0.995,0.012,-0.012,0,,,,,,,,,3140.03,298.75,-298.75,0,9.88,0.94,-0.94,0,Msini,0.289,0.092,-0.092,0,,,,,,,,,0,F6 V,6300,60,-60,0,0.91,0.83,-0.83,0,<a refstr=STASSUN_ET_AL__2019 href=https://ui.adsabs.harvard.edu/abs/2019AJ....158..138S/abstract target=ref>TICv8</a>,02h36m57.91s,39.2412736,+24d38m52.84s,24.6480103,44.657,0.1039,-0.1034,5.822,0.021,-0.021,2018-04-25,2009-12,2014-05-14
BD+60 1417,,1,1,1,Imaging,0,0,0,Published Confirmed,0,<a refstr=FAHERTY_ET_AL__2021 href=https://ui.adsabs.harvard.edu/abs/2021ApJ...923...48F/abstract target=ref>Faherty et al. 2021</a>,,,,,1662,,,0,14.684,0.673,-0.673,0,1.31,0.06,-0.06,0,4767.4261,1589.14204,-1589.14204,0,15,5,-5,0,Mass,,,,,,,,,1303,74,-74,0,0,K0,4993,124,-124,0,0.1,0.05,-0.05,0,<a refstr=STASSUN_ET_AL__2019 href=https://ui.adsabs.harvard.edu/abs/2019AJ....158..138S/abstract target=ref>TICv8</a>,12h43m33.01s,190.8875453,+60d00m51.71s,60.0143636,44.9543,0.0593,-0.0592,7.288,0.024,-0.024,2022-01-10,2021-12,2022-01-10
K2-25,,1,1,1,Transit,1,1,0,Published Confirmed,0,<a refstr=STEFANSSON_ET_AL__2020 href=https://ui.adsabs.harvard.edu/abs/2020AJ....160..192S/abstract target=ref>Stefansson et al. 2020</a>,3.48456408,0.0000006,-0.0000005,0,0.0287,0.0012,-0.0012,0,3.44,0.12,-0.12,0,0.306,0.011,-0.011,0,24.5,5.7,-5.2,0,0.07709,0.01793,-0.01636,0,Mass,0.428,0.05,-0.049,0,9.91,0.95,-0.86,0,494,11,-11,0,0,M4.5 V,3207,58,-58,0,0.73,0.05,-0.052,0,<a refstr=STASSUN_ET_AL__2019 href=https://ui.adsabs.harvard.edu/abs/2019AJ....158..138S/abstract target=ref>TICv8</a>,04h13m05.74s,63.2739346,+15d14m51.73s,15.2477027,44.9565,0.1664,-0.1653,10.444,0.019,-0.019,2022-03-28,2020-10,2022-03-28
nu Oph,HD 163917,1,1,2,Radial Velocity,1,0,0,Published Confirmed,0,<a refstr=QUIRRENBACH_ET_AL__2019 href=https://ui.adsabs.harvard.edu/abs/2019A&A...624A..18Q/abstract target=ref>Quirrenbach et al. 2019</a>,530.21,0.1,-0.1,0,1.79,,,0,,,,,,,,,7057.73298,,,0,22.206,,,0,Mass,0.124,0.003,-0.003,0,,,,,,,,,0,K0 III,4886,42,-42,0,0.65,0.17,-0.17,0,<a refstr=STASSUN_ET_AL__2019 href=https://ui.adsabs.harvard.edu/abs/2019AJ....158..138S/abstract target=ref>TICv8</a>,17h59m01.58s,269.7566013,-09d46m26.88s,-9.7741342,46.2107,1.73313,-1.73313,1.225,0.306,-0.306,2019-09-20,2019-04,2019-09-26
nu Oph,HD 163917,1,1,2,Radial Velocity,1,0,0,Published Confirmed,0,<a refstr=QUIRRENBACH_ET_AL__2019 href=https://ui.adsabs.harvard.edu/abs/2019A&A...624A..18Q/abstract target=ref>Quirrenbach et al. 2019</a>,3184.83,5.93,-5.93,0,5.931,,,0,,,,,,,,,7838.32346,,,0,24.662,,,0,Mass,0.18,0.006,-0.006,0,,,,,,,,,0,K0 III,4886,42,-42,0,0.65,0.17,-0.17,0,<a refstr=STASSUN_ET_AL__2019 href=https://ui.adsabs.harvard.edu/abs/2019AJ....158..138S/abstract target=ref>TICv8</a>,17h59m01.58s,269.7566013,-09d46m26.88s,-9.7741342,46.2107,1.73313,-1.73313,1.225,0.306,-0.306,2019-09-20,2019-04,2019-09-26
GU Psc,,1,1,1,Imaging,0,0,0,Published Confirmed,0,<a refstr=NAUD_ET_AL__2014 href=https://ui.adsabs.harvard.edu/abs/2014ApJ...787....5N/abstract target=ref> Naud et al. 2014 </a>,,,,,2000,200,-200,0,14.179,1.289,-1.289,0,1.265,0.115,-0.115,0,3591.3,540.3,-540.3,0,11.3,1.7,-1.7,0,Mass,,,,,,,,,1050,50,-50,0,0,M3,,,,,0.1,0.03,-0.03,0,<a refstr=STASSUN_ET_AL__2019 href=https://ui.adsabs.harvard.edu/abs/2019AJ....158..138S/abstract target=ref>TICv8</a>,01h12m35.16s,18.146485,+17d03m54.01s,17.0650029,47.5501,0.1649,-0.1638,9.345,0.015,-0.015,2014-05-14,2014-05,2014-05-14
WASP-80,,0,1,1,Transit,1,1,0,Published Confirmed,0,<a refstr=SALZ_ET_AL__2015 href=https://ui.adsabs.harvard.edu/abs/2015A&A...576A..42S/abstract target=ref>Salz et al. 2015</a>,3.1,,,0,0.034,,,0,10.65,,,0,0.95,,,0,174.8,,,0,0.55,,,0,Mass,0,,,0,,,,,800,,,0,0,K7-M0 V,4150,,,0,0.2,,,0,<a refstr=STASSUN_ET_AL__2019 href=https://ui.adsabs.harvard.edu/abs/2019AJ....158..138S/abstract target=ref>TICv8</a>,20h12m40.03s,303.1667996,-02d08m39.97s,-2.1444369,49.7876,0.11605,-0.11605,8.351,0.022,-0.022,2015-02-12,2015-04,2015-02-12
kap And,HD 222439,1,1,1,Imaging,0,0,0,Published Confirmed,0,<a refstr=BONNEFOY_ET_AL__2014 href=https://ui.adsabs.harvard.edu/abs/2014A%26A...562A.111B/abstract target=ref> Bonnefoy et al. 2014 </a>,,,,,55,2,-2,0,,,,,,,,,4327.36,7323.224,-332.874,0,13.616,23.042,-1.047,0,Mass,,,,,,,,,1900,100,-200,0,0,B9 IV,10900,300,-300,0,0.03,0.12,-0.01,0,<a refstr=STASSUN_ET_AL__2019 href=https://ui.adsabs.harvard.edu/abs/2019AJ....158..138S/abstract target=ref>TICv8</a>,23h40m24.62s,355.1025974,+44d20m01.86s,44.3338511,50.0177,0.8766,-0.8474,4.571,0.354,-0.354,2014-05-14,2014-02,2014-05-14
AB Pic,HD 44627,1,1,1,Imaging,0,0,0,Published Confirmed,0,<a refstr=CHAUVIN_ET_AL__2005 href=https://ui.adsabs.harvard.edu/abs/2005A&A...438L..29C/abstract target=ref> Chauvin et al. 2005 </a>,,,,,260,,,0,,,,,,,,,4290.5,158.9,-158.9,0,13.5,0.5,-0.5,0,Mass,,,,,,,,,,,,,0,K2 V,,,,,0.03,,,0,<a refstr=STASSUN_ET_AL__2019 href=https://ui.adsabs.harvard.edu/abs/2019AJ....158..138S/abstract target=ref>TICv8</a>,06h19m12.94s,94.8039208,-58d03m14.83s,-58.0541184,50.0475,0.0735,-0.0733,6.981,0.024,-0.024,2014-05-14,2005-08,2014-05-14
HIP 94235,,1,2,1,Transit,0,1,0,Published Confirmed,0,<a refstr=ZHOU_ET_AL__2022 href=https://ui.adsabs.harvard.edu/abs/2022arXiv220411975Z/abstract target=ref>Zhou et al. 2022</a>,7.713057,0.000021,-0.000021,0,0.0787,0.00056,-0.00017,0,3,0.32,-0.28,0,0.268,0.029,-0.025,0,379,,,1,1.19247,,,1,Mass,0.32,0.2,-0.2,0,,,,,1060,50,-50,0,0,G V,5991,50,-50,0,0.118,0.018,-0.016,0,<a refstr=STASSUN_ET_AL__2019 href=https://ui.adsabs.harvard.edu/abs/2019AJ....158..138S/abstract target=ref>TICv8</a>,19h10m57.87s,287.7411441,-60d16m21.49s,-60.2726358,58.5146,0.1263,-0.1258,6.881,0.027,-0.027,2022-05-09,2022-04,2022-05-09
HD 70573,HD 70573,1,1,1,Radial Velocity,1,0,0,Published Confirmed,0,<a refstr=SETIAWAN_ET_AL__2007 href=https://ui.adsabs.harvard.edu/abs/2007ApJ...660L.145S/abstract target=ref>Setiawan et al. 2007</a>,851.8,11.6,-11.6,0,1.76,0.05,-0.05,0,,,,,,,,,1900,130,-130,0,6.1,0.4,-0.4,0,Msini,0.4,0.1,-0.1,0,,,,,,,,,0,G1-1.5 V,5737,70,-70,0,0.102,0.024,-0.024,0,<a refstr=STASSUN_ET_AL__2019 href=https://ui.adsabs.harvard.edu/abs/2019AJ....158..138S/abstract target=ref>TICv8</a>,08h22m49.90s,125.7079153,+01d51m32.79s,1.8591088,59.182,0.1565,-0.1558,7.191,0.024,-0.024,2015-03-26,2007-05,2015-03-26
K2-141,,0,1,2,Transit,1,1,0,Published Confirmed,0,<a refstr=BARRAG_AACUTE_N_ET_AL__2018 href=https://ui.adsabs.harvard.edu/abs/2018A&A...612A..95B/abstract target=ref>Barrag&aacute;n et al. 2018</a>,0.2803226,0.0000013,-0.0000013,0,0.00716,0.00055,-0.00065,0,1.54,0.1,-0.09,0,0.137,0.009,-0.008,0,5.31,0.46,-0.46,0,0.01671,0.00145,-0.00145,0,Mass,0,,,0,,,,,2039,87,-48,0,0,K7 V,4373,57,-57,0,0.74,0.36,-0.36,0,<a refstr=STASSUN_ET_AL__2019 href=https://ui.adsabs.harvard.edu/abs/2019AJ....158..138S/abstract target=ref>TICv8</a>,23h23m40.09s,350.9170464,-01d11m21.06s,-1.1891827,61.8736,0.1662,-0.1654,8.401,0.023,-0.023,2018-01-16,2018-05,2018-01-18
2MASS J12073346-3932539,,1,1,1,Imaging,0,0,0,Published Confirmed,0,<a refstr=CHAUVIN_ET_AL__2004 href=https://ui.adsabs.harvard.edu/abs/2004A&A...425L..29C/abstract target=ref> Chauvin et al. 2004 </a>,,,,,55,,,0,,,,,,,,,1589.15,635.66,-635.66,0,5,2,-2,0,Mass,,,,,,,,,1250,200,-200,0,0,M8,,,,,0.008,0.004,-0.003,0,<a refstr=STASSUN_ET_AL__2019 href=https://ui.adsabs.harvard.edu/abs/2019AJ....158..138S/abstract target=ref>TICv8</a>,12h07m33.38s,181.8890906,-39d32m54.38s,-39.5484399,64.308,0.6569,-0.644,11.945,0.026,-0.026,2016-02-24,2004-10,2016-02-25
2MASS J22362452+4751425,,1,1,1,Imaging,0,0,0,Published Confirmed,0,<a refstr=BOWLER_ET_AL__2017 href=https://ui.adsabs.harvard.edu/abs/2017AJ....153...18B/abstract target=ref>Bowler et al. 2017</a>,,,,,230,20,-20,0,,,,,,,,,3972.875,476.745,-476.745,0,12.5,1.5,-1.5,0,Mass,,,,,,,,,,,,,0,K7 V,4045,35,-35,0,0.12,0.01,-0.01,0,<a refstr=STASSUN_ET_AL__2019 href=https://ui.adsabs.harvard.edu/abs/2019AJ....158..138S/abstract target=ref>TICv8</a>,22h36m24.62s,339.1025931,+47d51m42.06s,47.861683,69.5737,0.1592,-0.1585,9.148,0.018,-0.018,2016-11-09,2017-01,2016-11-10
HAT-P-20,,0,1,1,Transit,1,1,0,Published Confirmed,0,<a refstr=SALZ_ET_AL__2015 href=https://ui.adsabs.harvard.edu/abs/2015A&A...576A..42S/abstract target=ref>Salz et al. 2015</a>,2.9,,,0,0.036,,,0,9.75,,,0,0.87,,,0,2320.1,,,0,7.3,,,0,Mass,0,,,0,,,,,950,,,0,0,K3 V,4600,,,0,0.8,,,0,<a refstr=STASSUN_ET_AL__2019 href=https://ui.adsabs.harvard.edu/abs/2019AJ....158..138S/abstract target=ref>TICv8</a>,07h27m39.94s,111.9164295,+24d20m10.03s,24.3361185,71.0374,0.1994,-0.1983,8.601,0.019,-0.019,2015-02-12,2015-04,2015-02-12
HD 47366,HD 47366,1,1,2,Radial Velocity,1,0,0,Published Confirmed,0,<a refstr=MARSHALL_ET_AL__2019 href=https://ui.adsabs.harvard.edu/abs/2019AJ....157....1M/abstract target=ref>Marshall et al. 2019</a>,359.15,2.03,-2.34,0,1.28,0.05,-0.06,0,,,,,,,,,731.009,41.3179,-57.2094,0,2.3,0.13,-0.18,0,Msini,0.06,0.04,-0.04,0,,,,,,,,,0,,4914,100,-100,0,0.94,,,0,<a refstr=STASSUN_ET_AL__2019 href=https://ui.adsabs.harvard.edu/abs/2019AJ....158..138S/abstract target=ref>TICv8</a>,06h37m40.80s,99.4200181,-12d59m08.37s,-12.9856593,84.3552,0.456,-0.456,4.055,0.29,-0.29,2019-09-20,2019-01,2019-09-26
HD 47366,HD 47366,1,1,2,Radial Velocity,1,0,0,Published Confirmed,0,<a refstr=MARSHALL_ET_AL__2019 href=https://ui.adsabs.harvard.edu/abs/2019AJ....157....1M/abstract target=ref>Marshall et al. 2019</a>,682.85,4.98,-4.9,0,1.97,0.08,-0.09,0,,,,,,,,,597.5204,38.1396,-44.4962,0,1.88,0.12,-0.14,0,Msini,0.1,0.11,-0.08,0,,,,,,,,,0,,4914,100,-100,0,0.94,,,0,<a refstr=STASSUN_ET_AL__2019 href=https://ui.adsabs.harvard.edu/abs/2019AJ....158..138S/abstract target=ref>TICv8</a>,06h37m40.80s,99.4200181,-12d59m08.37s,-12.9856593,84.3552,0.456,-0.456,4.055,0.29,-0.29,2019-09-20,2019-01,2019-09-26
HD 95086,HD 95086,1,1,1,Imaging,0,0,0,Published Confirmed,0,<a refstr=RAMEAU_ET_AL__2013 href=https://ui.adsabs.harvard.edu/abs/2013ApJ...779L..26R/abstract target=ref> Rameau et al. 2013 </a>,,,,,55.7,2.5,-2.5,0,,,,,,,,,1589,636,-636,0,5,2,-2,0,Mass,,,,,,,,,1000,200,-200,0,0,,,,,,0.017,0.004,-0.004,0,<a refstr=STASSUN_ET_AL__2019 href=https://ui.adsabs.harvard.edu/abs/2019AJ....158..138S/abstract target=ref>TICv8</a>,10h57m02.90s,164.2621032,-68d40m02.25s,-68.6672917,86.2279,0.2443,-0.2431,6.789,0.021,-0.021,2014-05-14,2013-12,2014-05-14
WASP-43,,0,1,1,Transit,1,1,0,Published Confirmed,0,<a refstr=SALZ_ET_AL__2015 href=https://ui.adsabs.harvard.edu/abs/2015A&A...576A..42S/abstract target=ref>Salz et al. 2015</a>,0.8,,,0,0.014,,,0,10.42,,,0,0.93,,,0,572.1,,,0,1.8,,,0,Mass,0,,,0,,,,,1350,,,0,1,K7 V,4400,,,0,0.8,,,0,<a refstr=STASSUN_ET_AL__2019 href=https://ui.adsabs.harvard.edu/abs/2019AJ....158..138S/abstract target=ref>TICv8</a>,10h19m37.96s,154.9081869,-09d48m23.20s,-9.8064431,86.7467,0.3281,-0.3257,9.267,0.026,-0.026,2015-02-12,2015-04,2015-02-12
TYC 8998-760-1,,1,1,2,Imaging,0,0,0,Published Confirmed,0,<a refstr=BOHN_ET_AL__2020 href=https://ui.adsabs.harvard.edu/abs/2020MNRAS.492..431B/abstract target=ref>Bohn et al. 2020</a>,,,,,162,,,0,,,,,,,,,4449.62,953.49,-953.49,0,14,3,-3,0,Mass,,,,,,,,,,,,,0,K3 IV,4573,10,-10,0,0.017,0.001,-0.001,0,<a refstr=STASSUN_ET_AL__2019 href=https://ui.adsabs.harvard.edu/abs/2019AJ....158..138S/abstract target=ref>TICv8</a>,13h25m12.03s,201.3001096,-64d56m20.96s,-64.9391566,94.6177,0.2844,-0.2828,8.392,0.027,-0.027,2020-03-26,2020-02,2020-04-02
TYC 8998-760-1,,1,1,2,Imaging,0,0,0,Published Confirmed,0,<a refstr=BOHN_ET_AL__2020 href=https://ui.adsabs.harvard.edu/abs/2020ApJ...898L..16B/abstract target=ref>Bohn et al. 2020</a>,,,,,320,,,0,12.33,6.725,-3.363,0,1.1,0.6,-0.3,0,1906.98,317.83,-317.83,0,6,1,-1,0,Mass,,,,,,,,,1240,160,-170,0,0,,,,,,0.017,0.001,-0.001,0,<a refstr=STASSUN_ET_AL__2019 href=https://ui.adsabs.harvard.edu/abs/2019AJ....158..138S/abstract target=ref>TICv8</a>,13h25m12.03s,201.3001096,-64d56m20.96s,-64.9391566,94.6177,0.2844,-0.2828,8.392,0.027,-0.027,2020-07-17,2020-07,2020-07-23
HD 114082,HD 114082,1,1,1,Radial Velocity,1,1,0,Published Confirmed,0,<a refstr=ZAKHOZHAY_ET_AL__2022 href=https://ui.adsabs.harvard.edu/abs/2022arXiv221108294Z/abstract target=ref>Zakhozhay et al. 2022</a>,109.75,0.4,-0.37,0,0.5109,0.0081,-0.0083,0,11.209,0.336,-0.336,0,1,0.03,-0.03,0,2542.62726,317.82841,-317.82841,0,8,1,-1,0,Mass,0.395,0.037,-0.039,0,,,,,,,,,0,F3 V,6651,35,-35,0,0.015,0.006,-0.006,0,<a refstr=STASSUN_ET_AL__2019 href=https://ui.adsabs.harvard.edu/abs/2019AJ....158..138S/abstract target=ref>TICv8</a>,13h09m16.11s,197.3171237,-60d18m30.36s,-60.3084347,95.3906,0.4518,-0.4476,7.163,0.031,-0.031,2022-11-29,2022-11,2022-12-02
HR 5471,,1,2,1,Imaging,0,0,0,Published Confirmed,0,<a refstr=JANSON_ET_AL__2021 href=https://ui.adsabs.harvard.edu/abs/2021Natur.600..231J/abstract target=ref>Janson et al. 2021</a>,1790000,830000,-830000,0,556,17,-17,0,,,,,,,,,3464.32964,508.52545,-508.52545,0,10.9,1.6,-1.6,0,Mass,0.4,,,1,,,,,,,,,0,B2.5 V,,,,,0.015,0.002,-0.002,0,<a refstr=STASSUN_ET_AL__2019 href=https://ui.adsabs.harvard.edu/abs/2019AJ....158..138S/abstract target=ref>TICv8</a>,14h41m57.55s,220.4897992,-37d47m37.08s,-37.7936323,98.0935,6.7875,-5.9734,4.487,0.026,-0.026,2022-01-24,2021-12,2022-01-24
TOI-251,,1,1,1,Transit,0,1,0,Published Confirmed,0,<a refstr=ZHOU_ET_AL__2021 href=https://ui.adsabs.harvard.edu/abs/2021AJ....161....2Z/abstract target=ref>Zhou et al. 2021</a>,4.93777,0.000028,-0.000029,0,0.05741,0.00023,-0.00017,0,2.74,0.18,-0.18,0,0.244,0.016,-0.016,0,317.83,,,1,1,,,1,Mass,0,,,0,,,,,,,,,0,,5875,100,-190,0,0.18,0.14,-0.14,0,<a refstr=STASSUN_ET_AL__2019 href=https://ui.adsabs.harvard.edu/abs/2019AJ....158..138S/abstract target=ref>TICv8</a>,23h32m14.90s,353.0620655,-37d15m21.11s,-37.2558629,99.523,0.4374,-0.4336,8.426,0.027,-0.027,2020-12-10,2021-01,2020-12-17
TOI-1749,,1,1,3,Transit,0,1,0,Published Confirmed,0,<a refstr=FUKUI_ET_AL__2021 href=https://ui.adsabs.harvard.edu/abs/2021AJ....162..167F/abstract target=ref>Fukui et al. 2021</a>,2.38839,0.00031,-0.00066,0,0.0291,0.0005,-0.0005,0,1.39,0.21,-0.19,0,0.124,0.019,-0.017,0,57,,,1,0.17934,,,1,Mass,0.14,,,1,,,,,831,18,-18,0,0,M0 V,3985,55,-55,0,0.8,,,-1,<a refstr=STASSUN_ET_AL__2019 href=https://ui.adsabs.harvard.edu/abs/2019AJ....158..138S/abstract target=ref>TICv8</a>,18h50m56.93s,282.7372281,+64d25m10.08s,64.419466,99.5561,0.1172,-0.1172,10.27,0.019,-0.019,2021-07-26,2021-10,2021-07-26
TOI-1749,,1,1,3,Transit,0,1,0,Published Confirmed,0,<a refstr=FUKUI_ET_AL__2021 href=https://ui.adsabs.harvard.edu/abs/2021AJ....162..167F/abstract target=ref>Fukui et al. 2021</a>,4.4929,0.0038,-0.0027,0,0.0443,0.0008,-0.0008,0,2.12,0.12,-0.12,0,0.189,0.011,-0.011,0,14,,,1,0.04405,,,1,Mass,0.019,,,1,,,,,673,15,-15,0,0,M0 V,3985,55,-55,0,0.8,,,-1,<a refstr=STASSUN_ET_AL__2019 href=https://ui.adsabs.harvard.edu/abs/2019AJ....158..138S/abstract target=ref>TICv8</a>,18h50m56.93s,282.7372281,+64d25m10.08s,64.419466,99.5561,0.1172,-0.1172,10.27,0.019,-0.019,2021-07-26,2021-10,2021-07-26
TOI-1749,,1,1,3,Transit,0,1,0,Published Confirmed,0,<a refstr=FUKUI_ET_AL__2021 href=https://ui.adsabs.harvard.edu/abs/2021AJ....162..167F/abstract target=ref>Fukui et al. 2021</a>,9.0497,0.0049,-0.0032,0,0.0707,0.0012,-0.0012,0,2.52,0.15,-0.15,0,0.225,0.013,-0.013,0,15,,,1,0.0472,,,1,Mass,0.062,,,1,,,,,533,12,-12,0,0,M0 V,3985,55,-55,0,0.8,,,-1,<a refstr=STASSUN_ET_AL__2019 href=https://ui.adsabs.harvard.edu/abs/2019AJ....158..138S/abstract target=ref>TICv8</a>,18h50m56.93s,282.7372281,+64d25m10.08s,64.419466,99.5561,0.1172,-0.1172,10.27,0.019,-0.019,2021-07-26,2021-10,2021-07-26
WASP-189,HD 133112,1,1,1,Transit,1,1,0,Published Confirmed,0,<a refstr=LENDL_ET_AL__2020 href=https://ui.adsabs.harvard.edu/abs/2020A&A...643A..94L/abstract target=ref>Lendl et al. 2020</a>,2.724033,,,0,0.05053,0.00098,-0.00098,0,18.147,0.235,-0.235,0,1.619,0.021,-0.021,0,632.47853,50.85255,-44.49598,0,1.99,0.16,-0.14,0,Mass,0,,,0,,,,,3353,27,-34,0,0,,8000,80,-80,0,0.73,0.13,-0.13,0,<a refstr=STASSUN_ET_AL__2019 href=https://ui.adsabs.harvard.edu/abs/2019AJ....158..138S/abstract target=ref>TICv8</a>,15h02m44.82s,225.686732,-03d01m53.35s,-3.0314874,99.731,0.754,-0.7432,6.06,0.021,-0.021,2022-03-16,2020-11,2022-03-16
HD 110014,HD 110014,1,1,1,Radial Velocity,1,0,0,Published Confirmed,0,<a refstr=DE_MEDEIROS_ET_AL__2009 href=https://ui.adsabs.harvard.edu/abs/2009A%26A...504..617D/abstract target=ref> de Medeiros et al. 2009 </a>,835.477,6.04,-6.04,0,2.14,0.03,-0.03,0,,,,,,,,,3524.59,317.82,-317.82,0,11.09,1,-1,0,Msini,0.462,0.069,-0.069,0,,,,,,,,,0,K2 III,4445,70,-70,0,0.95,0.4,-0.4,0,<a refstr=STASSUN_ET_AL__2019 href=https://ui.adsabs.harvard.edu/abs/2019AJ....158..138S/abstract target=ref>TICv8</a>,12h39m14.69s,189.8111935,-07d59m44.41s,-7.9956702,100.758,1.97315,-1.97315,2.011,0.312,-0.312,2014-05-14,2009-09,2014-05-14
HD 106906,HD 106906,1,1,1,Imaging,0,0,0,Published Confirmed,0,<a refstr=BAILEY_ET_AL__2014 href=https://ui.adsabs.harvard.edu/abs/2014ApJ...780L...4B/abstract target=ref> Bailey et al. 2014 </a>,,,,,650,,,0,,,,,,,,,3496,636,-636,0,11,2,-2,0,Mass,,,,,,,,,1800,100,-100,0,0,F5 V,6516,165,-165,0,0.013,0.002,-0.002,0,<a refstr=STASSUN_ET_AL__2019 href=https://ui.adsabs.harvard.edu/abs/2019AJ....158..138S/abstract target=ref>TICv8</a>,12h17m53.12s,184.4713308,-55d58m32.09s,-55.9755805,103.029,0.461,-0.457,6.683,0.026,-0.026,2014-05-14,2014-01,2014-05-14
GSC 06214-00210,,1,1,1,Imaging,0,0,0,Published Confirmed,0,<a refstr=LACHAPELLE_ET_AL__2015 href=https://ui.adsabs.harvard.edu/abs/2015ApJ...802...61L/abstract target=ref>Lachapelle et al. 2015</a>,,,,,320,30,-30,0,,,,,,,,,5000,300,-300,0,16,1,-1,0,Mass,,,,,,,,,2300,100,-100,0,0,K7,4200,150,-150,0,0.005,,,0,<a refstr=STASSUN_ET_AL__2019 href=https://ui.adsabs.harvard.edu/abs/2019AJ....158..138S/abstract target=ref>TICv8</a>,16h21m54.65s,245.4776921,-20d43m09.62s,-20.7193398,108.5,0.513,-0.508,9.152,0.021,-0.021,2015-04-01,2015-03,2015-04-01
HIP 65426,HD 116434,1,1,1,Imaging,0,0,0,Published Confirmed,0,<a refstr=CHAUVIN_ET_AL__2017 href=https://ui.adsabs.harvard.edu/abs/2017A&A...605L...9C/abstract target=ref>Chauvin et al. 2017</a>,,,,,92,,,0,16.814,1.121,-1.121,0,1.5,0.1,-0.1,0,2860.47,953.49,-953.49,0,9,3,-3,0,Mass,,,,,,,,,1500,100,-200,0,0,A2 V,8840,200,-200,0,0.014,0.004,-0.004,0,<a refstr=STASSUN_ET_AL__2019 href=https://ui.adsabs.harvard.edu/abs/2019AJ....158..138S/abstract target=ref>TICv8</a>,13h24m36.04s,201.1501727,-51d30m16.34s,-51.5045384,108.875,0.753,-0.742,6.771,0.018,-0.018,2017-07-11,2017-09,2017-07-13
YSES 2,,1,1,1,Imaging,0,0,0,Published Confirmed,0,<a refstr=BOHN_ET_AL__2021 href=https://ui.adsabs.harvard.edu/abs/2021A&A...648A..73B/abstract target=ref>Bohn et al. 2021</a>,,,,,115,,,0,,,,,,,,,2002.31896,508.52545,-286.04557,0,6.3,1.6,-0.9,0,Mass,,,,,,,,,,,,,0,K1 V,4749,40,-40,0,0.014,0.002,-0.002,0,<a refstr=STASSUN_ET_AL__2019 href=https://ui.adsabs.harvard.edu/abs/2019AJ....158..138S/abstract target=ref>TICv8</a>,11h27m55.27s,171.9802779,-66d26m04.46s,-66.4345736,109.406,0.374,-0.373,8.358,0.029,-0.029,2021-05-28,2021-04,2021-05-28
TOI-1268,,1,1,1,Transit,1,1,0,Published Confirmed,0,<a refstr=_SCARON_UBJAK_ET_AL__2022 href=https://ui.adsabs.harvard.edu/abs/2022arXiv220113341S/abstract target=ref>&Scaron;ubjak et al. 2022</a>,8.1577094,0.0000045,-0.0000045,0,0.0711,0.0063,-0.0058,0,9.1,0.6,-0.6,0,0.812,0.054,-0.054,0,96.4,8.2,-8.3,0,0.30331,0.0258,-0.02611,0,Mass,0.105,0.04,-0.039,0,,,,,919,30,-31,0,0,K1-K2,5300,100,-100,0,0.245,0.135,-0.135,0,<a refstr=STASSUN_ET_AL__2019 href=https://ui.adsabs.harvard.edu/abs/2019AJ....158..138S/abstract target=ref>TICv8</a>,13h13m33.26s,198.3885831,+62d18m19.37s,62.3053799,109.557,0.545,-0.54,8.911,0.014,-0.014,2022-03-28,2022-01,2022-03-28
PDS 70,,0,1,2,Imaging,0,0,0,Published Confirmed,0,<a refstr=KEPPLER_ET_AL__2018 href=https://ui.adsabs.harvard.edu/abs/2018A&A...617A..44K/abstract target=ref>Keppler et al. 2018</a>,43500,,,0,22,,,0,14.572,,,-1,1.3,,,-1,2542.64,1906.98,-1906.98,0,8,6,-6,0,Mass,,,,,,,,,1200,200,-200,0,0,K7,3972,36,-36,0,0.005,0.001,-0.001,0,<a refstr=STASSUN_ET_AL__2019 href=https://ui.adsabs.harvard.edu/abs/2019AJ....158..138S/abstract target=ref>TICv8</a>,14h08m10.11s,212.0421402,-41d23m52.95s,-41.3980405,113.064,0.523,-0.519,8.542,0.023,-0.023,2020-07-06,2018-09,2019-03-05
PDS 70,,1,1,2,Imaging,0,0,0,Published Confirmed,0,<a refstr=WANG_ET_AL__2020 href=https://ui.adsabs.harvard.edu/abs/2020AJ....159..263W/abstract target=ref>Wang et al. 2020</a>,,,,,20,2,-2,0,30.488,2.242,-1.906,0,2.72,0.2,-0.17,0,953.49,317.83,-317.83,0,3,1,-1,0,Mass,0.19,0.15,-0.09,0,,,,,1204,26,-27,0,0,,3972,36,-36,0,0.005,0.001,-0.001,0,<a refstr=STASSUN_ET_AL__2019 href=https://ui.adsabs.harvard.edu/abs/2019AJ....158..138S/abstract target=ref>TICv8</a>,14h08m10.11s,212.0421402,-41d23m52.95s,-41.3980405,113.064,0.523,-0.519,8.542,0.023,-0.023,2020-07-06,2020-06,2020-07-09
PDS 70,,0,1,2,Imaging,0,0,0,Published Confirmed,0,<a refstr=HAFFERT_ET_AL__2019 href=https://ui.adsabs.harvard.edu/abs/2019NatAs...3..749H/abstract target=ref>Haffert et al. 2019</a>,,,,,34.5,2,-2,0,,,,,,,,,3333.87385,1666.93692,-1666.93692,0,10.48949,5.24474,-5.24474,0,Msin(i)/sin(i),,,,,,,,,,,,,0,,,,,,0.005,0.001,-0.001,0,<a refstr=STASSUN_ET_AL__2019 href=https://ui.adsabs.harvard.edu/abs/2019AJ....158..138S/abstract target=ref>TICv8</a>,14h08m10.11s,212.0421402,-41d23m52.95s,-41.3980405,113.064,0.523,-0.519,8.542,0.023,-0.023,2020-07-06,2019-06,2019-06-13
PDS 70,,1,1,2,Imaging,0,0,0,Published Confirmed,0,<a refstr=WANG_ET_AL__2020 href=https://ui.adsabs.harvard.edu/abs/2020AJ....159..263W/abstract target=ref>Wang et al. 2020</a>,,,,,34,6,-3,0,22.866,6.837,-5.044,0,2.04,0.61,-0.45,0,635.66,317.83,-317.83,0,2,1,-1,0,Mass,0.11,0.12,-0.06,0,,,,,995,71,-49,0,0,,3972,36,-36,0,0.005,0.001,-0.001,0,<a refstr=STASSUN_ET_AL__2019 href=https://ui.adsabs.harvard.edu/abs/2019AJ....158..138S/abstract target=ref>TICv8</a>,14h08m10.11s,212.0421402,-41d23m52.95s,-41.3980405,113.064,0.523,-0.519,8.542,0.023,-0.023,2020-07-06,2020-06,2020-07-09
TOI-201,HD 39474,1,1,1,Transit,1,1,0,Published Confirmed,0,<a refstr=HOBSON_ET_AL__2021 href=https://ui.adsabs.harvard.edu/abs/2021AJ....161..235H/abstract target=ref>Hobson et al. 2021</a>,52.97818,0.00004,-0.00004,0,0.3,0.02,-0.03,0,11.299,0.135,-0.168,0,1.008,0.012,-0.015,0,133.4886,15.8915,-9.5349,0,0.42,0.05,-0.03,0,Mass,0.28,0.06,-0.09,0,,,,,759,37,-26,0,0,F6 V,6394,75,-75,0,0.87,0.46,-0.49,0,<a refstr=STASSUN_ET_AL__2019 href=https://ui.adsabs.harvard.edu/abs/2019AJ....158..138S/abstract target=ref>TICv8</a>,05h49m36.43s,87.4017825,-54d54m37.52s,-54.910423,113.825,0.347,-0.345,7.846,0.024,-0.024,2021-03-25,2021-05,2021-04-01
HD 25723,HD 25723,1,1,1,Radial Velocity,1,0,0,Published Confirmed,0,<a refstr=TALA_PINTO_ET_AL__2020 href=https://ui.adsabs.harvard.edu/abs/2020A&A...644A...1T/abstract target=ref>Tala Pinto et al. 2020</a>,457.01,1.29,-1.31,0,1.49,0.04,-0.05,0,,,,,,,,,794.57102,44.49598,-54.03083,0,2.5,0.14,-0.17,0,Msini,0.04,0.05,-0.03,0,,,,,,,,,0,K1 III,4766,49,-38,0,0.95,0.59,-0.25,0,<a refstr=STASSUN_ET_AL__2019 href=https://ui.adsabs.harvard.edu/abs/2019AJ....158..138S/abstract target=ref>TICv8</a>,04h04m22.73s,61.0947182,-12d47m32.01s,-12.7922241,114.816,1.357,-1.326,3.044,0.272,-0.272,2021-10-25,2020-12,2021-10-25
WASP-59,,1,1,1,Transit,1,1,0,Published Confirmed,0,<a refstr=HEBRARD_ET_AL__2013 href=https://ui.adsabs.harvard.edu/abs/2013A%26A...549A.134H/abstract target=ref> Hebrard et al. 2013 </a>,7.919585,0.00001,-0.00001,0,0.0697,0.0011,-0.0011,0,8.687,0.762,-0.762,0,0.775,0.068,-0.068,0,274.276,14.302,-14.302,0,0.863,0.045,-0.045,0,Mass,0.1,0.042,-0.042,0,,,,,670,35,-35,0,0,K5 V,4650,150,-150,0,0.5,0.7,-0.4,0,<a refstr=STASSUN_ET_AL__2019 href=https://ui.adsabs.harvard.edu/abs/2019AJ....158..138S/abstract target=ref>TICv8</a>,23h18m29.51s,349.6229547,+24d53m21.40s,24.889277,115.936,0.574,-0.568,9.723,0.018,-0.018,2014-05-14,2013-01,2014-05-14
WASP-140,,1,2,1,Transit,1,1,0,Published Confirmed,0,<a refstr=HELLIER_ET_AL__2017 href=https://ui.adsabs.harvard.edu/abs/2017MNRAS.465.3693H/abstract target=ref>Hellier et al. 2017</a>,2.2359835,0.0000008,-0.0000008,0,0.0323,0.0005,-0.0005,0,16.141,4.708,-2.018,0,1.44,0.42,-0.18,0,775.5052,22.2481,-22.2481,0,2.44,0.07,-0.07,0,Mass,0.047,0.0035,-0.0035,0,,,,,1320,40,-40,0,0,K0,5260,100,-100,0,0.5,,,-1,<a refstr=STASSUN_ET_AL__2019 href=https://ui.adsabs.harvard.edu/abs/2019AJ....158..138S/abstract target=ref>TICv8</a>,04h01m32.53s,60.3855387,-20d27m03.60s,-20.4509991,117.598,0.601,-0.594,9.165,0.03,-0.03,2016-11-30,2017-03,2016-12-01
TAP 26,,1,1,1,Radial Velocity,1,0,0,Published Confirmed,0,<a refstr=YU_ET_AL__2017 href=https://ui.adsabs.harvard.edu/abs/2017MNRAS.467.1342Y/abstract target=ref>Yu et al. 2017</a>,10.79,0.14,-0.14,0,0.0968,0.0032,-0.0032,0,,,,,,,,,527.5978,98.5273,-98.5273,0,1.66,0.31,-0.31,0,Msini,,,,,,,,,,,,,0,,4620,50,-50,0,0.017,,,0,<a refstr=STASSUN_ET_AL__2019 href=https://ui.adsabs.harvard.edu/abs/2019AJ....158..138S/abstract target=ref>TICv8</a>,04h18m51.71s,64.715445,+17d23m16.38s,17.3878826,121.402,0.569,-0.563,9.270001,0.018,-0.018,2017-01-31,2017-05,2017-02-02
WASP-132,,0,1,2,Transit,1,1,0,Published Confirmed,0,<a refstr=HELLIER_ET_AL__2017 href=https://ui.adsabs.harvard.edu/abs/2017MNRAS.465.3693H/abstract target=ref>Hellier et al. 2017</a>,7.133521,0.000009,-0.000009,0,0.067,0.001,-0.001,0,9.752,0.336,-0.336,0,0.87,0.03,-0.03,0,130.3103,9.5349,-9.5349,0,0.41,0.03,-0.03,0,Mass,0,,,0,,,,,763,16,-16,0,0,K4,4775,100,-100,0,0.5,,,-1,<a refstr=STASSUN_ET_AL__2019 href=https://ui.adsabs.harvard.edu/abs/2019AJ....158..138S/abstract target=ref>TICv8</a>,14h30m26.21s,217.6091998,-46d09m34.26s,-46.159516,122.91,0.568,-0.562,9.674,0.024,-0.024,2016-11-30,2017-03,2016-12-01
WASP-18,HD 10069,0,2,2,Transit,1,1,0,Published Confirmed,0,<a refstr=SOUTHWORTH_2012 href=https://ui.adsabs.harvard.edu/abs/2012MNRAS.426.1291S/abstract target=ref>Southworth 2012</a>,0.94145181,0.00000044,-0.00000044,0,0.02043,0.00032,-0.00032,0,13.036,0.616,-0.616,0,1.163,0.055,-0.055,0,3299.0754,108.0622,-108.0622,0,10.38,0.34,-0.34,0,Mass,,,,,,,,,2413,44,-44,0,1,,6455,70,-70,0,0.4,1.1,-0.8,0,<a refstr=STASSUN_ET_AL__2019 href=https://ui.adsabs.harvard.edu/abs/2019AJ....158..138S/abstract target=ref>TICv8</a>,01h37m25.07s,24.3544618,-45d40m40.06s,-45.6777937,123.483,0.371,-0.369,8.131,0.027,-0.027,2019-12-02,2012-10,2016-01-14
WASP-18,HD 10069,0,2,2,Transit,1,1,0,Published Confirmed,0,<a refstr=SOUTHWORTH_2010 href=https://ui.adsabs.harvard.edu/abs/2010MNRAS.408.1689S/abstract target=ref> Southworth 2010 </a>,0.94145181,0.00000044,-0.00000044,0,0.02034,0.00036,-0.00036,0,12.98,0.616,-0.616,0,1.158,0.055,-0.055,0,3270.4707,117.5971,-117.5971,0,10.29,0.37,-0.37,0,Mass,,,,,,,,,2392,51,-51,0,1,,6400,100,-100,0,0.5,1.3,-1,0,<a refstr=STASSUN_ET_AL__2019 href=https://ui.adsabs.harvard.edu/abs/2019AJ....158..138S/abstract target=ref>TICv8</a>,01h37m25.07s,24.3544618,-45d40m40.06s,-45.6777937,123.483,0.371,-0.369,8.131,0.027,-0.027,2019-12-02,2010-11,2016-01-14
HIP 75056,,1,2,1,Imaging,0,0,0,Published Confirmed,0,<a refstr=WAGNER_ET_AL__2020 href=https://ui.adsabs.harvard.edu/abs/2020ApJ...902L...6W/abstract target=ref>Wagner et al. 2020</a>,47000,30000,-30000,0,30,15,-15,0,22.418,5.604,-5.604,0,2,0.5,-0.5,0,7945.71018,1589.14204,-1589.14204,0,25,5,-5,0,Mass,0.5,0.2,-0.2,0,,,,,2300,300,-300,0,0,A2 V,,,,,0.012,,,0,<a refstr=STASSUN_ET_AL__2019 href=https://ui.adsabs.harvard.edu/abs/2019AJ....158..138S/abstract target=ref>TICv8</a>,15h20m13.36s,230.0556856,-34d55m31.97s,-34.9255486,125.212,2.075,-2.01,7.302,0.029,-0.029,2022-01-10,2020-10,2022-01-10
HAT-P-2,HD 147506,0,1,1,Transit,1,1,0,Published Confirmed,0,<a refstr=SALZ_ET_AL__2015 href=https://ui.adsabs.harvard.edu/abs/2015A&A...576A..42S/abstract target=ref>Salz et al. 2015</a>,5.6,,,0,0.068,,,0,12.3,,,0,1.1,,,0,2828.6,,,0,8.9,,,0,Mass,0.5,,,0,,,,,1700,,,0,0,F8 V,6300,,,0,0.4,,,0,<a refstr=STASSUN_ET_AL__2019 href=https://ui.adsabs.harvard.edu/abs/2019AJ....158..138S/abstract target=ref>TICv8</a>,16h20m36.34s,245.1514324,+41d02m52.66s,41.0479601,127.774,0.425,-0.423,7.603,0.02,-0.02,2018-09-25,2015-04,2015-02-12
V830 Tau,,1,1,1,Radial Velocity,1,0,0,Published Confirmed,1,<a refstr=DONATI_ET_AL__2017 href=https://ui.adsabs.harvard.edu/abs/2017MNRAS.465.3343D/abstract target=ref>Donati et al. 2017</a>,4.927,0.008,-0.008,0,0.057,0.001,-0.001,0,,,,,,,,,222.481,38.1396,-38.1396,0,0.7,0.12,-0.12,0,Mass,,,,,,,,,,,,,0,,4250,50,-50,0,0.002,,,0,<a refstr=STASSUN_ET_AL__2019 href=https://ui.adsabs.harvard.edu/abs/2019AJ....158..138S/abstract target=ref>TICv8</a>,04h33m10.04s,68.2918259,+24d33m42.93s,24.5619241,130.111,0.6975,-0.6975,8.422,0.021,-0.021,2016-11-30,2017-03,2016-12-01
HAT-P-3,,0,2,1,Transit,1,1,0,Published Confirmed,0,<a refstr=TORRES_ET_AL__2007 href=https://ui.adsabs.harvard.edu/abs/2007ApJ...666L.121T/abstract target=ref> Torres et al. 2007 </a>,2.899703,0.000054,-0.000054,0,0.03894,0.0007,-0.0007,0,9.976,0.516,-0.516,0,0.89,0.046,-0.046,0,190.38017,8.26358,-8.26358,0,0.599,0.026,-0.026,0,Mass,0,,,0,,,,,,,,,0,K,5185,46,-46,0,0.4,6.5,-0.3,0,<a refstr=STASSUN_ET_AL__2019 href=https://ui.adsabs.harvard.edu/abs/2019AJ....158..138S/abstract target=ref>TICv8</a>,13h44m22.56s,206.0940142,+48d01m42.83s,48.028565,134.554,0.48,-0.477,9.448,0.025,-0.025,2018-04-25,2007-09,2016-10-06
DH Tau,,1,1,1,Imaging,0,0,0,Published Confirmed,0,<a refstr=PATIENCE_ET_AL__2012 href=https://ui.adsabs.harvard.edu/abs/2012A%26A...540A..85P/abstract target=ref> Patience et al. 2012 </a>,,,,,330,,,0,,,,,,,,,3496,3178,-953,0,11,10,-3,0,Mass,,,,,,,,,,,,,0,M0.5,,,,,0.001,,,0,<a refstr=STASSUN_ET_AL__2019 href=https://ui.adsabs.harvard.edu/abs/2019AJ....158..138S/abstract target=ref>TICv8</a>,04h29m41.56s,67.4231674,+26d32m57.80s,26.5493897,134.846,1.282,-1.258,8.178001,0.026,-0.026,2014-05-14,2012-04,2014-05-14
KELT-20,HD 185603,1,1,1,Transit,1,1,0,Published Confirmed,0,<a refstr=LUND_ET_AL__2017 href=https://ui.adsabs.harvard.edu/abs/2017AJ....154..194L/abstract target=ref>Lund et al. 2017</a>,3.4741085,0.0000019,-0.0000019,0,0.0542,0.0014,-0.0021,0,19.515,0.773,-0.829,0,1.741,0.069,-0.074,0,1074.90106,,,1,3.382,,,1,Mass,,,,,4362.5,595.2,-536.4,0,2262,73,-73,0,0,A2 V,8720,250,-260,0,0.6,,,1,<a refstr=STASSUN_ET_AL__2019 href=https://ui.adsabs.harvard.edu/abs/2019AJ....158..138S/abstract target=ref>TICv8</a>,19h38m38.74s,294.6614126,+31d13m09.12s,31.2192001,136.426,0.816,-0.807,7.415,0.017,-0.017,2019-12-02,2017-11,2017-11-02
ROXs 12,,1,2,1,Imaging,0,0,0,Published Confirmed,0,<a refstr=KRAUS_ET_AL__2014 href=https://ui.adsabs.harvard.edu/abs/2014ApJ...781...20K/abstract target=ref> Kraus et al. 2014 </a>,,,,,210,20,-20,0,,,,,,,,,5085,1271,-1271,0,16,4,-4,0,Mass,,,,,,,,,,,,,0,M0,3850,100,-70,0,0.008,0.004,-0.025,0,<a refstr=STASSUN_ET_AL__2019 href=https://ui.adsabs.harvard.edu/abs/2019AJ....158..138S/abstract target=ref>TICv8</a>,16h26m28.03s,246.6167993,-25d26m48.10s,-25.446695,136.65,0.788,-0.779,9.099,0.025,-0.025,2014-05-14,2014-01,2014-05-14
HIP 78530,HD 143567,1,1,1,Imaging,0,0,0,Published Confirmed,0,<a refstr=LACHAPELLE_ET_AL__2015 href=https://ui.adsabs.harvard.edu/abs/2015ApJ...802...61L/abstract target=ref>Lachapelle et al. 2015</a>,,,,,740,60,-60,0,,,,,,,,,7300,300,-300,0,23,1,-1,0,Mass,,,,,,,,,2700,100,-100,0,0,B9 V,10500,,,0,0.005,,,0,<a refstr=STASSUN_ET_AL__2019 href=https://ui.adsabs.harvard.edu/abs/2019AJ....158..138S/abstract target=ref>TICv8</a>,16h01m55.44s,240.4810052,-21d58m49.77s,-21.980492,136.759,1.493,-1.462,,,,2015-04-01,2015-03,2015-04-01
HIP 78530,HD 143567,0,1,1,Imaging,0,0,0,Published Confirmed,0,<a refstr=LACHAPELLE_ET_AL__2015 href=https://ui.adsabs.harvard.edu/abs/2015ApJ...802...61L/abstract target=ref>Lachapelle et al. 2015</a>,,,,,740,60,-60,0,,,,,,,,,7700,700,-700,0,24,2,-2,0,Mass,,,,,,,,,2700,100,-100,0,0,,10500,,,0,0.01,,,0,<a refstr=STASSUN_ET_AL__2019 href=https://ui.adsabs.harvard.edu/abs/2019AJ....158..138S/abstract target=ref>TICv8</a>,16h01m55.44s,240.4810052,-21d58m49.77s,-21.980492,136.759,1.493,-1.462,,,,2015-04-01,2015-03,2015-04-01
USco1621 A,,1,1,1,Imaging,0,0,0,Published Confirmed,0,<a refstr=CHINCHILLA_ET_AL__2020 href=https://ui.adsabs.harvard.edu/abs/2020A&A...633A.152C/abstract target=ref>Chinchilla et al. 2020</a>,,,,,2880,20,-20,0,,,,,,,,,5085.28,635.66,-635.66,0,16,2,-2,0,Mass,,,,,,,,,2270,90,-90,0,0,M2.5 V,3460,100,-100,0,0.007,0.003,-0.003,0,<a refstr=STASSUN_ET_AL__2019 href=https://ui.adsabs.harvard.edu/abs/2019AJ....158..138S/abstract target=ref>TICv8</a>,16h21m29.54s,245.3730855,-25d29m43.54s,-25.4954265,137.901,0.973,-0.96,10.193,0.021,-0.021,2020-01-13,2020-01,2020-01-16
1RXS J160929.1-210524,,0,1,1,Imaging,0,0,0,Published Confirmed,0,<a refstr=LAFRENIERE_ET_AL__2008 href=https://ui.adsabs.harvard.edu/abs/2008ApJ...689L.153L/abstract target=ref> Lafreniere et al. 2008 </a>,,,,,330,,,0,18.647,,,0,1.664,,,0,2543,1271,-636,0,8,4,-2,0,Mass,,,,,,,,,1800,200,-100,0,0,K7 V,4060,300,-200,0,0.005,,,0,<a refstr=STASSUN_ET_AL__2019 href=https://ui.adsabs.harvard.edu/abs/2019AJ....158..138S/abstract target=ref>TICv8</a>,16h09m30.30s,242.3762343,-21d04m59.31s,-21.0831403,139.135,1.332,-1.307,8.916,0.021,-0.021,2014-05-14,2008-12,2014-05-14
1RXS J160929.1-210524,,1,1,1,Imaging,0,0,0,Published Confirmed,0,<a refstr=LACHAPELLE_ET_AL__2015 href=https://ui.adsabs.harvard.edu/abs/2015ApJ...802...61L/abstract target=ref>Lachapelle et al. 2015</a>,,,,,330,,,0,,,,,,,,,3000,300,-300,0,8,1,-1,0,Mass,,,,,,,,,1700,100,-100,0,0,K7 V,4060,300,-200,0,0.005,,,0,<a refstr=STASSUN_ET_AL__2019 href=https://ui.adsabs.harvard.edu/abs/2019AJ....158..138S/abstract target=ref>TICv8</a>,16h09m30.30s,242.3762343,-21d04m59.31s,-21.0831403,139.135,1.332,-1.307,8.916,0.021,-0.021,2015-04-01,2015-03,2015-04-01
K2-33,,0,1,1,Transit,0,1,0,Published Confirmed,0,<a refstr=DAVID_ET_AL__2016 href=https://ui.adsabs.harvard.edu/abs/2016Natur.534..658D/abstract target=ref>David et al. 2016</a>,5.42513,0.00028,-0.00029,0,0.0409,0.0021,-0.0023,0,5.76,0.62,-0.58,0,0.514,0.055,-0.052,0,1144.188,,,1,3.6,,,1,Mass,0,,,0,,,,,850,50,-50,0,0,M3,3410,75,-75,0,0.007,0.003,-0.003,0,<a refstr=STASSUN_ET_AL__2019 href=https://ui.adsabs.harvard.edu/abs/2019AJ....158..138S/abstract target=ref>TICv8</a>,16h10m14.73s,242.5613635,-19d19m09.78s,-19.3193831,139.268,1.532,-1.499,10.026,0.019,-0.019,2016-07-06,2016-06,2016-06-23
USco1556 A,,1,1,1,Imaging,0,0,0,Published Confirmed,0,<a refstr=CHINCHILLA_ET_AL__2020 href=https://ui.adsabs.harvard.edu/abs/2020A&A...633A.152C/abstract target=ref>Chinchilla et al. 2020</a>,,,,,3500,40,-40,0,,,,,,,,,4767.45,635.66,-635.66,0,15,2,-2,0,Mass,,,,,,,,,2240,100,-100,0,0,M3.0 V,3410,100,-100,0,0.007,0.003,-0.003,0,<a refstr=STASSUN_ET_AL__2019 href=https://ui.adsabs.harvard.edu/abs/2019AJ....158..138S/abstract target=ref>TICv8</a>,15h56m24.89s,239.1037198,-25d41m20.57s,-25.6890476,140.635,1.667,-1.629,10.441,0.023,-0.023,2020-01-13,2020-01,2020-01-16
WASP-10,,0,1,1,Transit,1,1,0,Published Confirmed,0,<a refstr=SALZ_ET_AL__2015 href=https://ui.adsabs.harvard.edu/abs/2015A&A...576A..42S/abstract target=ref>Salz et al. 2015</a>,3.1,,,0,0.038,,,0,12.3,,,0,1.1,,,0,1017,,,0,3.2,,,0,Mass,0,,,0,,,,,950,,,0,0,K5 V,4700,,,0,0.6,,,0,<a refstr=STASSUN_ET_AL__2019 href=https://ui.adsabs.harvard.edu/abs/2019AJ....158..138S/abstract target=ref>TICv8</a>,23h15m58.33s,348.9930457,+31d27m45.90s,31.4627508,140.998,0.75,-0.742,9.983,0.018,-0.018,2015-02-12,2015-04,2015-02-12
HD 14067,HD 14067,0,1,1,Radial Velocity,1,0,0,Published Confirmed,0,<a refstr=WANG_ET_AL__2014 href=https://ui.adsabs.harvard.edu/abs/2014PASJ...66..118W/abstract target=ref>Wang et al. 2014</a>,1455,13,-12,0,3.4,0.1,-0.1,0,,,,,,,,,2479,222.5,-222.5,0,7.8,0.7,-0.7,0,Msini,0.533,0.043,-0.047,0,,,,,,,,,0,G9 III,4815,100,-100,0,0.69,0.2,-0.2,0,<a refstr=STASSUN_ET_AL__2019 href=https://ui.adsabs.harvard.edu/abs/2019AJ....158..138S/abstract target=ref>TICv8</a>,02h17m10.40s,34.293348,+23d46m03.56s,23.7676546,142.024,0.845,-0.835,4.097,0.036,-0.036,2014-09-25,2014-12,2014-09-25
ROXs 42 B,,0,2,1,Imaging,0,0,0,Published Confirmed,0,<a refstr=CURRIE_ET_AL__2014 href=https://ui.adsabs.harvard.edu/abs/2014ApJ...780L..30C/abstract target=ref> Currie et al. 2014 </a>,,,,,150,,,0,,,,,,,,,3337.1,1430.2,-1430.2,0,10.5,4.5,-4.5,0,Mass,,,,,,,,,2200,400,-400,0,0,M0,,,,,0.003,0.003,-0.003,0,<a refstr=STASSUN_ET_AL__2019 href=https://ui.adsabs.harvard.edu/abs/2019AJ....158..138S/abstract target=ref>TICv8</a>,16h31m15.01s,247.8125493,-24d32m44.08s,-24.545577,143.59,1.542,-1.511,8.671,0.023,-0.023,2014-05-16,2014-01,2014-05-16
UScoCTIO 108,,1,1,1,Imaging,0,0,0,Published Confirmed,0,<a refstr=B_EACUTE_JAR_ET_AL__2008 href=https://ui.adsabs.harvard.edu/abs/2008ApJ...673L.185B/abstract target=ref>B&eacute;jar et al. 2008</a>,,,,,670,,,0,,,,,,,,,4449.62,635.66,-2542.64,0,14,2,-8,0,Mass,,,,,,,,,,,,,0,M7,2700,100,-100,0,0.003,0.005,-0.002,0,<a refstr=STASSUN_ET_AL__2019 href=https://ui.adsabs.harvard.edu/abs/2019AJ....158..138S/abstract target=ref>TICv8</a>,16h05m54.06s,241.4752653,-18d18m44.70s,-18.3124167,144.019,5.219,-4.872,12.507,0.03,-0.03,2015-05-14,2008-02,2015-05-14
HD 144844,HD 144844,1,2,1,Imaging,0,0,1,Published Confirmed,0,<a refstr=JANSON_ET_AL__2019 href=https://ui.adsabs.harvard.edu/abs/2019A&A...626A..99J/abstract target=ref>Janson et al. 2019</a>,,,,,345,6,-6,0,,,,,,,,,6515.515,1430.235,-1430.235,0,20.5,4.5,-4.5,0,Mass,,,,,,,,,2450,150,-150,0,0,,,,,,0.01,0.003,-0.003,0,<a refstr=STASSUN_ET_AL__2019 href=https://ui.adsabs.harvard.edu/abs/2019AJ....158..138S/abstract target=ref>TICv8</a>,16h08m43.71s,242.1821202,-23d41m07.89s,-23.6855244,145.798,2.562,-2.476,5.707,0.018,-0.018,2019-07-03,2019-06,2019-07-11
TOI-1431,HD 201033,1,1,1,Transit,1,1,0,Published Confirmed,0,<a refstr=ADDISON_ET_AL__2021 href=https://ui.adsabs.harvard.edu/abs/2021AJ....162..292A/abstract target=ref>Addison et al. 2021</a>,2.650237,0.000003,-0.000003,0,0.046,0.002,-0.002,0,16.701,0.56,-0.56,0,1.49,0.05,-0.05,0,991.62463,57.20911,-57.20911,0,3.12,0.18,-0.18,0,Mass,0.0022,0.003,-0.0016,0,5300,500,-470,0,2370,70,-70,0,0,Am C,7690,400,-250,0,0.29,0.32,-0.19,0,<a refstr=STASSUN_ET_AL__2019 href=https://ui.adsabs.harvard.edu/abs/2019AJ....158..138S/abstract target=ref>TICv8</a>,21h04m48.89s,316.2036922,+55d35m16.88s,55.5880221,148.925,1.034,-1.02,7.439,0.029,-0.029,2021-10-11,2021-12,2021-10-11
GQ Lup,,1,1,1,Imaging,0,0,0,Published Confirmed,0,<a refstr=NEUHAEUSER_ET_AL__2008 href=https://ui.adsabs.harvard.edu/abs/2008A%26A...484..281N/abstract target=ref> Neuh&auml;user et al. 2008 </a>,,,,,100,,,0,33.6,5.6,-5.6,0,3,0.5,-0.5,0,6356,,,0,20,,,0,Mass,,,,,,,,,2650,100,-100,0,0,K7e V,,,,,0.001,0.001,-0.001,0,<a refstr=STASSUN_ET_AL__2019 href=https://ui.adsabs.harvard.edu/abs/2019AJ....158..138S/abstract target=ref>TICv8</a>,15h49m12.09s,237.3003643,-35d39m05.42s,-35.6515055,151.169,1.096,-1.081,7.096,0.02,-0.02,2014-05-14,2008-06,2014-05-14
TOI-942,,1,3,2,Transit,0,1,0,Published Confirmed,0,<a refstr=ZHOU_ET_AL__2021 href=https://ui.adsabs.harvard.edu/abs/2021AJ....161....2Z/abstract target=ref>Zhou et al. 2021</a>,4.32419,0.00003,-0.00003,0,0.04796,0.00073,-0.00065,0,4.81,0.2,-0.2,0,0.429,0.018,-0.018,0,826.358,,,1,2.6,,,1,Mass,0,,,0,,,,,,,,,0,,4928,125,-85,0,0.09,0.07,-0.07,0,<a refstr=STASSUN_ET_AL__2019 href=https://ui.adsabs.harvard.edu/abs/2019AJ....158..138S/abstract target=ref>TICv8</a>,05h06m35.91s,76.6496172,-20d14m44.21s,-20.2456126,152.601,0.695,-0.689,9.639,0.023,-0.023,2020-12-10,2021-01,2020-12-17
TOI-942,,0,3,2,Transit,0,1,0,Published Confirmed,0,<a refstr=CARLEO_ET_AL__2021 href=https://ui.adsabs.harvard.edu/abs/2021A&A...645A..71C/abstract target=ref>Carleo et al. 2021</a>,4.3263,0.0011,-0.0011,0,0.0498,0.0007,-0.0007,0,4.242,0.376,-0.313,0,0.378,0.034,-0.028,0,16,,,1,0.05034,,,1,Mass,0.285,0.133,-0.099,0,,,,,,,,,0,K2.5 V,4969,100,-100,0,0.05,0.03,-0.02,0,<a refstr=STASSUN_ET_AL__2019 href=https://ui.adsabs.harvard.edu/abs/2019AJ....158..138S/abstract target=ref>TICv8</a>,05h06m35.91s,76.6496172,-20d14m44.21s,-20.2456126,152.601,0.695,-0.689,9.639,0.023,-0.023,2020-12-10,2021-01,2020-12-17
Kepler-411,,1,2,4,Transit,1,1,0,Published Confirmed,0,<a refstr=SUN_ET_AL__2019 href=https://ui.adsabs.harvard.edu/abs/2019A&A...624A..15S/abstract target=ref>Sun et al. 2019</a>,3.005156,0.000002,-0.000002,0,0.0375,0.0008,-0.0008,0,2.401,0.053,-0.053,0,0.214,0.005,-0.005,0,25.6,2.6,-2.6,0,0.08055,0.00818,-0.00818,0,Mass,0.146,0.005,-0.004,0,,,,,1138,17,-17,0,1,K2 V,,,,,0.212,0.031,-0.031,0,<a refstr=STASSUN_ET_AL__2019 href=https://ui.adsabs.harvard.edu/abs/2019AJ....158..138S/abstract target=ref>TICv8</a>,19h10m25.37s,287.6057027,+49d31m24.22s,49.5233937,153.676,0.455,-0.453,10.062,0.023,-0.023,2019-07-03,2019-04,2019-07-11
Kepler-411,,1,2,4,Transit,0,1,0,Published Confirmed,0,<a refstr=SUN_ET_AL__2019 href=https://ui.adsabs.harvard.edu/abs/2019A&A...624A..15S/abstract target=ref>Sun et al. 2019</a>,7.834435,0.000002,-0.000002,0,0.0739,0.001,-0.001,0,4.421,0.062,-0.062,0,0.394,0.006,-0.006,0,26.4,5.9,-5.9,0,0.08306,0.01856,-0.01856,0,Mass,0.108,0.003,-0.004,0,,,,,838,10,-10,0,1,K2 V,,,,,0.212,0.031,-0.031,0,<a refstr=STASSUN_ET_AL__2019 href=https://ui.adsabs.harvard.edu/abs/2019AJ....158..138S/abstract target=ref>TICv8</a>,19h10m25.37s,287.6057027,+49d31m24.22s,49.5233937,153.676,0.455,-0.453,10.062,0.023,-0.023,2019-07-19,2019-04,2019-07-25
Kepler-411,,1,2,4,Transit,0,1,0,Published Confirmed,0,<a refstr=SUN_ET_AL__2019 href=https://ui.adsabs.harvard.edu/abs/2019A&A...624A..15S/abstract target=ref>Sun et al. 2019</a>,58.02035,0.00056,-0.00056,0,0.279,0.004,-0.004,0,3.319,0.104,-0.104,0,0.296,0.009,-0.009,0,15.2,5.1,-5.1,0,0.04782,0.01605,-0.01605,0,Mass,0.128,0.003,-0.003,0,,,,,410,10,-10,0,1,K2 V,,,,,0.212,0.031,-0.031,0,<a refstr=STASSUN_ET_AL__2019 href=https://ui.adsabs.harvard.edu/abs/2019AJ....158..138S/abstract target=ref>TICv8</a>,19h10m25.37s,287.6057027,+49d31m24.22s,49.5233937,153.676,0.455,-0.453,10.062,0.023,-0.023,2019-07-19,2019-04,2019-07-25
Kepler-411,,1,2,4,Transit Timing Variations,0,0,0,Published Confirmed,0,<a refstr=SUN_ET_AL__2019 href=https://ui.adsabs.harvard.edu/abs/2019A&A...624A..15S/abstract target=ref>Sun et al. 2019</a>,31.509728,0.000085,-0.000085,0,0.186,0.003,-0.003,0,,,,,,,,,10.8,1.1,-1.1,0,0.03398,0.00346,-0.00346,0,Mass,0.016,0.002,-0.001,0,,,,,503,9,-9,0,0,K2 V,,,,,0.212,0.031,-0.031,0,<a refstr=STASSUN_ET_AL__2019 href=https://ui.adsabs.harvard.edu/abs/2019AJ....158..138S/abstract target=ref>TICv8</a>,19h10m25.37s,287.6057027,+49d31m24.22s,49.5233937,153.676,0.455,-0.453,10.062,0.023,-0.023,2019-07-03,2019-04,2019-07-11
WASP-14,,0,3,1,Transit,1,1,0,Published Confirmed,0,<a refstr=BONOMO_ET_AL__2017 href=https://ui.adsabs.harvard.edu/abs/2017A&A...602A.107B/abstract target=ref>Bonomo et al. 2017</a>,2.2437661,0.0000011,-0.0000011,0,0.0358,0.0012,-0.0013,0,14.359,0.841,-0.919,0,1.281,0.075,-0.082,0,2294.7326,155.7367,-158.915,0,7.22,0.49,-0.5,0,Mass,0.0782,0.0014,-0.0012,0,,,,,,,,,0,,6480,100,-100,0,0.75,0.25,-0.25,0,<a refstr=STASSUN_ET_AL__2019 href=https://ui.adsabs.harvard.edu/abs/2019AJ....158..138S/abstract target=ref>TICv8</a>,14h33m06.39s,218.2766247,+21d53m40.87s,21.8946875,161.997,0.81,-0.802,8.621,0.019,-0.019,2019-03-18,2017-06,2019-03-21
AB Aur,,1,1,1,Imaging,0,0,0,Published Confirmed,0,<a refstr=CURRIE_ET_AL__2022 href=https://ui.adsabs.harvard.edu/abs/2022NatAs.tmp...76C/abstract target=ref>Currie et al. 2022</a>,,,,,93.9,49.3,-49.3,0,,,,,,,,,2860.45566,,,0,9,,,0,Mass,0.4,0.2,-0.21,0,,,,,,,,,0,,9770,100,-100,0,0.003,0.002,-0.002,0,<a refstr=STASSUN_ET_AL__2019 href=https://ui.adsabs.harvard.edu/abs/2019AJ....158..138S/abstract target=ref>TICv8</a>,04h55m45.85s,73.9410446,+30d33m03.92s,30.5510888,162.127,1.526,-1.498,4.23,0.016,-0.016,2022-04-12,2022-04,2022-04-12
XO-1,,0,1,1,Transit,1,1,0,Published Confirmed,0,<a refstr=SOUTHWORTH_2010 href=https://ui.adsabs.harvard.edu/abs/2010MNRAS.408.1689S/abstract target=ref> Southworth 2010 </a>,3.9415128,0.0000028,-0.0000028,0,0.04944,0.0008,-0.0008,0,13.518,0.46,-0.46,0,1.206,0.041,-0.041,0,293.67492,24.47291,-24.47291,0,0.924,0.077,-0.077,0,Mass,,,,,,,,,1210,16,-16,0,0,,5750,50,-50,0,0.9,2.5,-1.2,0,<a refstr=STASSUN_ET_AL__2019 href=https://ui.adsabs.harvard.edu/abs/2019AJ....158..138S/abstract target=ref>TICv8</a>,16h02m11.83s,240.5492745,+28d10m10.65s,28.1696248,163.553,0.622,-0.617,9.527,0.015,-0.015,2018-04-25,2010-11,2016-01-14
MASCARA-4,HD 85628,1,2,1,Transit,1,1,0,Published Confirmed,0,<a refstr=DORVAL_ET_AL__2020 href=https://ui.adsabs.harvard.edu/abs/2020A&A...635A..60D/abstract target=ref>Dorval et al. 2020</a>,2.82406,0.00003,-0.00003,0,0.047,0.004,-0.004,0,17.15,0.785,-0.448,0,1.53,0.07,-0.04,0,985.273,286.047,-286.047,0,3.1,0.9,-0.9,0,Mass,0,,,0,,,,,2100,100,-100,0,0,A7 V,7800,200,-200,0,0.8,,,0,<a refstr=STASSUN_ET_AL__2019 href=https://ui.adsabs.harvard.edu/abs/2019AJ....158..138S/abstract target=ref>TICv8</a>,09h50m19.22s,147.5800667,-66d06m50.13s,-66.1139253,170.696,0.938,-0.928,7.75,0.023,-0.023,2020-03-13,2020-03,2020-03-19
WASP-62,,0,1,1,Transit,1,1,0,Published Confirmed,0,<a refstr=BROWN_ET_AL__2017 href=https://ui.adsabs.harvard.edu/abs/2017MNRAS.464..810B/abstract target=ref>Brown et al. 2017</a>,4.41194,0.000004,-0.000004,0,0.0571,0.0005,-0.0005,0,15.02,0.56,-0.336,0,1.34,0.05,-0.03,0,184.3414,9.5349,-9.5349,0,0.58,0.03,-0.03,0,Mass,0,,,0,,,,,1475,25,-20,0,0,,6230,80,-80,0,0.8,0.6,-0.6,0,<a refstr=STASSUN_ET_AL__2019 href=https://ui.adsabs.harvard.edu/abs/2019AJ....158..138S/abstract target=ref>TICv8</a>,05h48m33.56s,87.1398205,-63d59m17.98s,-63.9883286,175.631,0.59,-0.586,8.944,0.021,-0.021,2020-10-16,2017-01,2020-10-22
Cl* NGC 2632 JC 278,,1,2,2,Radial Velocity,1,0,0,Published Confirmed,0,<a refstr=MALAVOLTA_ET_AL__2016 href=https://ui.adsabs.harvard.edu/abs/2016A&A...588A.118M/abstract target=ref>Malavolta et al. 2016</a>,2.1461,0.00003,-0.00003,0,0.03176,0.00015,-0.00015,0,,,,,,,,,597.5204,9.5349,-9.5349,0,1.88,0.03,-0.03,0,Msini,0.011,0.012,-0.008,0,,,,,,,,,0,,5300,30,-30,0,0.578,0.012,-0.012,0,<a refstr=STASSUN_ET_AL__2019 href=https://ui.adsabs.harvard.edu/abs/2019AJ....158..138S/abstract target=ref>TICv8</a>,08h42m11.46s,130.547744,+19d16m37.05s,19.276957,182.714,1.063,-1.051,10.173,0.016,-0.016,2016-02-10,2016-04,2016-02-11
Cl* NGC 2632 JC 278,,1,2,2,Radial Velocity,1,0,0,Published Confirmed,0,<a refstr=MALAVOLTA_ET_AL__2016 href=https://ui.adsabs.harvard.edu/abs/2016A&A...588A.118M/abstract target=ref>Malavolta et al. 2016</a>,4850,4560,-1750,0,5.5,3,-1.4,0,,,,,,,,,2475.8957,104.8839,-104.8839,0,7.79,0.33,-0.33,0,Msini,0.71,0.11,-0.11,0,,,,,,,,,0,,5300,30,-30,0,0.578,0.012,-0.012,0,<a refstr=STASSUN_ET_AL__2019 href=https://ui.adsabs.harvard.edu/abs/2019AJ....158..138S/abstract target=ref>TICv8</a>,08h42m11.46s,130.547744,+19d16m37.05s,19.276957,182.714,1.063,-1.051,10.173,0.016,-0.016,2016-02-10,2016-04,2016-02-11
HD 97048,HD 97048,1,1,1,Disk Kinematics,0,0,0,Published Confirmed,0,<a refstr=PINTE_ET_AL__2019 href=https://ui.adsabs.harvard.edu/abs/2019NatAs...3.1109P/abstract target=ref>Pinte et al. 2019</a>,,,,,130,,,0,,,,,,,,,794.575,158.915,-158.915,0,2.5,0.5,-0.5,0,Mass,,,,,,,,,,,,,0,Be9.5/AO,10000,,,0,0.003,,,0,<a refstr=STASSUN_ET_AL__2019 href=https://ui.adsabs.harvard.edu/abs/2019AJ....158..138S/abstract target=ref>TICv8</a>,11h08m03.20s,167.0133422,-77d39m17.47s,-77.654853,183.857,1.331,-1.313,5.941,0.029,-0.029,2019-10-18,2019-08,2019-10-24
K2-100,,1,1,1,Transit,0,1,0,Published Confirmed,0,<a refstr=BARRAG_AACUTE_N_ET_AL__2019 href=https://ui.adsabs.harvard.edu/abs/2019MNRAS.490..698B/abstract target=ref>Barrag&aacute;n et al. 2019</a>,1.6739035,0.0000004,-0.0000004,0,0.0301,0.0014,-0.0014,0,3.88,0.16,-0.16,0,0.346,0.014,-0.014,0,21.8,6.2,-6.2,0,0.06859,0.01951,-0.01951,0,Mass,0,,,0,1915,178,-165,0,1841,41,-41,0,0,G0 V,5945,110,-110,0,0.75,0.004,-0.007,0,<a refstr=STASSUN_ET_AL__2019 href=https://ui.adsabs.harvard.edu/abs/2019AJ....158..138S/abstract target=ref>TICv8</a>,08h38m24.26s,129.6010863,+20d06m21.63s,20.1060074,188.959,2.471,-2.41,9.182,0.018,-0.018,2021-07-12,2019-11,2021-07-12
CHXR 73,,1,1,1,Imaging,0,0,0,Published Confirmed,0,<a refstr=LUHMAN_ET_AL__2006 href=https://ui.adsabs.harvard.edu/abs/2006ApJ...649..894L/abstract target=ref> Luhman et al. 2006 </a>,,,,,210,,,0,,,,,,,,,3994.486,2662.991,-1664.369,0,12.569,8.379,-5.237,0,Mass,,,,,,,,,,,,,0,M3.5,,,,,0.002,,,0,<a refstr=STASSUN_ET_AL__2019 href=https://ui.adsabs.harvard.edu/abs/2019AJ....158..138S/abstract target=ref>TICv8</a>,11h06m28.66s,166.6193985,-77d37m33.14s,-77.6258725,190.374,6.647,-6.22,10.703,0.023,-0.023,2014-05-14,2006-10,2014-05-14
CT Cha,,1,1,1,Imaging,0,0,0,Published Confirmed,0,<a refstr=SCHMIDT_ET_AL__2008 href=https://ui.adsabs.harvard.edu/abs/2008A&A...491..311S/abstract target=ref> Schmidt et al. 2008 </a>,,,,,440,,,0,24.66,9.08,-6.73,0,2.2,0.81,-0.6,0,5403,1907,-1907,0,17,6,-6,0,Mass,,,,,,,,,2600,250,-250,0,0,,,,,,0.002,0.002,-0.002,0,<a refstr=STASSUN_ET_AL__2019 href=https://ui.adsabs.harvard.edu/abs/2019AJ....158..138S/abstract target=ref>TICv8</a>,11h04m09.00s,166.0375038,-76d27m19.33s,-76.4553693,190.72,0.778,-0.771,8.661,0.021,-0.021,2014-05-14,2008-11,2014-05-14
Kepler-63,,1,1,1,Transit,1,1,0,Published Confirmed,0,<a refstr=SANCHIS_OJEDA_ET_AL__2013 href=https://ui.adsabs.harvard.edu/abs/2013ApJ...775...54S/abstract target=ref> Sanchis-Ojeda et al. 2013 </a>,9.4341505,0.000001,-0.000001,0,0.08,0.002,-0.002,0,6.11,0.2,-0.2,0,0.545,0.018,-0.018,0,120,,,1,0.378,,,1,Mass,0.45,,,1,,,,,,,,,0,,5576,50,-50,0,0.21,0.045,-0.045,0,<a refstr=STASSUN_ET_AL__2019 href=https://ui.adsabs.harvard.edu/abs/2019AJ....158..138S/abstract target=ref>TICv8</a>,19h16m54.31s,289.2262876,+49d32m53.81s,49.5482814,194.033,0.959,-0.949,9.997,0.022,-0.022,2019-12-02,2013-09,2014-05-14
K2-105,,0,1,1,Transit,1,1,0,Published Confirmed,0,<a refstr=NARITA_ET_AL__2017 href=https://ui.adsabs.harvard.edu/abs/2017PASJ...69...29N/abstract target=ref>Narita et al. 2017</a>,8.266902,0.00007,-0.00007,0,0.081,0.006,-0.006,0,3.59,0.44,-0.39,0,0.369,0.039,-0.034,0,30,19,-19,0,0.09439,0.05978,-0.05978,0,Mass,,,,,,,,,,,,,0,,5434,53,-53,0,0.6,,,-1,<a refstr=STASSUN_ET_AL__2019 href=https://ui.adsabs.harvard.edu/abs/2019AJ....158..138S/abstract target=ref>TICv8</a>,08h21m40.87s,125.4202985,+13d29m51.04s,13.4975122,197.989,1.555,-1.53,10.091,0.019,-0.019,2018-10-24,2017-04,2017-01-12
WASP-101,,0,1,1,Transit,1,1,0,Published Confirmed,0,<a refstr=HELLIER_ET_AL__2014 href=https://ui.adsabs.harvard.edu/abs/2014MNRAS.440.1982H/abstract target=ref> Hellier et al. 2014 </a>,3.585722,0.000004,-0.000004,0,0.0506,0.0009,-0.0009,0,15.8,0.56,-0.56,0,1.41,0.05,-0.05,0,158.91,12.71,-12.71,0,0.5,0.04,-0.04,0,Mass,0,,,0,,,,,1560,35,-35,0,0,F6,6400,110,-110,0,0.9,1.3,-0.4,0,<a refstr=STASSUN_ET_AL__2019 href=https://ui.adsabs.harvard.edu/abs/2019AJ....158..138S/abstract target=ref>TICv8</a>,06h33m24.26s,98.3511016,-23d29m09.91s,-23.486086,201.224,1.152,-1.139,9.075,0.025,-0.025,2018-04-25,2014-05,2014-05-14
KELT-9,HD 195689,1,2,1,Transit,1,1,0,Published Confirmed,0,<a refstr=GAUDI_ET_AL__2017 href=https://ui.adsabs.harvard.edu/abs/2017Natur.546..514G/abstract target=ref>Gaudi et al. 2017</a>,1.4811235,0.0000011,-0.0000011,0,0.03462,0.0011,-0.00093,0,21.196,0.684,-0.594,0,1.891,0.061,-0.053,0,915.3504,266.9772,-266.9772,0,2.88,0.84,-0.84,0,Mass,0,,,0,44900,8100,-7200,0,4050,180,-180,0,0,B9.5-A0,10170,450,-450,0,0.3,,,0,<a refstr=STASSUN_ET_AL__2019 href=https://ui.adsabs.harvard.edu/abs/2019AJ....158..138S/abstract target=ref>TICv8</a>,20h31m26.38s,307.8598998,+39d56m20.10s,39.9389161,204.455,1.582,-1.558,7.482,0.02,-0.02,2017-06-02,2017-06,2017-06-05
WASP-25,,0,1,1,Transit,1,1,0,Published Confirmed,0,<a refstr=BONOMO_ET_AL__2017 href=https://ui.adsabs.harvard.edu/abs/2017A&A...602A.107B/abstract target=ref>Bonomo et al. 2017</a>,3.7648327,0.0000009,-0.0000009,0,0.04738,0.00047,-0.00047,0,13.675,0.673,-0.56,0,1.22,0.06,-0.05,0,182.43442,13.34886,-13.34886,0,0.574,0.042,-0.042,0,Mass,0.083,,,1,,,,,,,,,0,,5750,100,-100,0,0.02,4,-0.01,0,<a refstr=STASSUN_ET_AL__2019 href=https://ui.adsabs.harvard.edu/abs/2019AJ....158..138S/abstract target=ref>TICv8</a>,13h01m26.34s,195.3597581,-27d31m20.02s,-27.5222273,211.416,1.468,-1.447,10.174,0.021,-0.021,2019-03-18,2017-06,2019-03-21
WASP-139,,1,2,1,Transit,1,1,0,Published Confirmed,0,<a refstr=HELLIER_ET_AL__2017 href=https://ui.adsabs.harvard.edu/abs/2017MNRAS.465.3693H/abstract target=ref>Hellier et al. 2017</a>,5.924262,0.000004,-0.000004,0,0.062,0.002,-0.002,0,8.967,0.56,-0.56,0,0.8,0.05,-0.05,0,37.18611,5.40311,-5.40311,0,0.117,0.017,-0.017,0,Mass,0,,,0,,,,,910,30,-30,0,0,K0,5310,90,-90,0,0.5,,,-1,<a refstr=STASSUN_ET_AL__2019 href=https://ui.adsabs.harvard.edu/abs/2019AJ....158..138S/abstract target=ref>TICv8</a>,03h18m14.92s,49.562173,-41d18m07.28s,-41.3020235,212.472,1.11,-1.098,10.472,0.021,-0.021,2016-11-30,2017-03,2016-12-01
CoRoT-2,,0,2,1,Transit,1,1,0,Published Confirmed,0,<a refstr=SOUTHWORTH_2011 href=https://ui.adsabs.harvard.edu/abs/2011MNRAS.417.2166S/abstract target=ref>Southworth 2011</a>,1.7429935,0.000001,-0.000001,0,0.02854,0.00048,-0.00048,0,16.477,0.359,-0.359,0,1.47,0.032,-0.032,0,1150.5446,50.8528,-50.8528,0,3.62,0.16,-0.16,0,Mass,,,,,,,,,1548,22,-22,0,1,,5696,70,-70,0,0.6,2.4,-2.2,0,<a refstr=STASSUN_ET_AL__2019 href=https://ui.adsabs.harvard.edu/abs/2019AJ....158..138S/abstract target=ref>TICv8</a>,19h27m06.49s,291.7770457,+01d23m01.19s,1.3836634,213.283,2.485,-2.43,10.31,0.031,-0.031,2016-01-12,2011-11,2016-01-14
KELT-17,,1,1,1,Transit,1,1,0,Published Confirmed,0,<a refstr=ZHOU_ET_AL__2016 href=https://ui.adsabs.harvard.edu/abs/2016AJ....152..136Z/abstract target=ref>Zhou et al. 2016</a>,3.0801716,0.0000053,-0.0000052,0,0.04881,0.00065,-0.00061,0,17.094,0.729,-0.673,0,1.525,0.065,-0.06,0,416.3573,88.9924,-92.1707,0,1.31,0.28,-0.29,0,Mass,,,,,,,,,2087,32,-33,0,0,A,7454,49,-49,0,0.65,0.15,-0.15,0,<a refstr=STASSUN_ET_AL__2019 href=https://ui.adsabs.harvard.edu/abs/2019AJ....158..138S/abstract target=ref>TICv8</a>,08h22m28.18s,125.617407,+13d44m07.11s,13.7353093,226.5,2.506,-2.453,8.646,0.018,-0.018,2019-12-02,2016-11,2016-09-08
TrES-3,,0,1,1,Transit,1,1,0,Published Confirmed,0,<a refstr=BONOMO_ET_AL__2017 href=https://ui.adsabs.harvard.edu/abs/2017A&A...602A.107B/abstract target=ref>Bonomo et al. 2017</a>,1.30618648,0.00000007,-0.00000007,0,0.02284,0.00024,-0.00037,0,14.975,0.347,-0.415,0,1.336,0.031,-0.037,0,572.41183,24.79074,-26.37989,0,1.801,0.078,-0.083,0,Mass,0.043,,,1,,,,,,,,,1,,5650,75,-75,0,0.9,2.8,-0.8,0,<a refstr=STASSUN_ET_AL__2019 href=https://ui.adsabs.harvard.edu/abs/2019AJ....158..138S/abstract target=ref>TICv8</a>,17h52m06.99s,268.0291106,+37d32m46.78s,37.5463268,231.337,1.303,-1.288,10.608,0.017,-0.017,2019-03-18,2017-06,2019-03-21
HD 81817,HD 81817,0,1,2,Radial Velocity,1,0,0,Published Confirmed,0,<a refstr=BANG_ET_AL__2020 href=https://ui.adsabs.harvard.edu/abs/2020A&A...638A.148B/abstract target=ref>Bang et al. 2020</a>,1047.1,8.5,-8.5,0,3.3,0.1,-0.1,0,,,,,,,,,8613.193,667.443,-667.443,0,27.1,2.1,-2.1,0,Msini,0.17,0.07,-0.07,0,,,,,,,,,0,K3 III,4140,55,-55,0,0.15,0.04,-0.04,0,<a refstr=STASSUN_ET_AL__2019 href=https://ui.adsabs.harvard.edu/abs/2019AJ....158..138S/abstract target=ref>TICv8</a>,09h37m05.18s,144.2715659,+81d19m34.71s,81.3263096,269.126,23.237,-19.865,0.779,0.232,-0.232,2020-05-28,2020-06,2020-06-04
WASP-135,,1,1,1,Transit,1,1,0,Published Confirmed,0,<a refstr=SPAKE_ET_AL__2016 href=https://ui.adsabs.harvard.edu/abs/2016PASP..128b4401S/abstract target=ref>Spake et al. 2016</a>,1.4013794,0.0000008,-0.0000008,0,0.0243,0.0005,-0.0005,0,14.572,1.009,-1.009,0,1.3,0.09,-0.09,0,603.877,25.4264,-25.4264,0,1.9,0.08,-0.08,0,Mass,0,,,0,,,,,,,,,0,G5 V,5675,60,-60,0,0.6,1.4,-0.35,0,<a refstr=STASSUN_ET_AL__2019 href=https://ui.adsabs.harvard.edu/abs/2019AJ....158..138S/abstract target=ref>TICv8</a>,17h49m08.37s,267.2848846,+29d52m44.55s,29.8790428,298.214,1.42,-1.407,11.037,0.02,-0.02,2015-12-02,2016-02,2015-12-03